Dia,Hora,EXP_NEN,EXP_NESE,EXP_NE,EXP_SULSECO,EXP_NS
1,00:00,3186.0,6842.7,10028.699999999999,447.49999999999983,3430.7
1,00:30,3315.2,6813.3,10128.5,-353.20000000000005,3457.6
1,01:00,3531.9,6348.8,9880.7,2168.6,2958.1000000000004
1,01:30,3275.4,6965.9,10241.3,-1607.0,3610.7
1,02:00,3326.1,6104.1,9430.2,1478.0,2711.1
1,02:30,3253.7,6573.6,9827.3,-1507.6000000000001,3361.5
1,03:00,3194.7,5720.0,8914.7,1575.8999999999999,2621.4
1,03:30,3126.1000000000004,5758.5,8884.6,1458.9,2759.1
1,04:00,3303.6,5546.2,8849.8,1793.3,2589.2
1,04:30,3263.9,5704.3,8968.2,1704.4,2695.9
1,05:00,3088.0,5697.6,8785.6,871.3,2878.5
1,05:30,3171.3,6139.8,9311.1,-1024.8999999999999,3217.4
1,06:00,4139.5,7704.8,11844.3,-1842.3,3920.8
1,06:30,4170.1,8011.2,12181.3,-2133.1,4157.7
1,07:00,7847.8,7388.200000000001,15236.0,1962.3,1049.7
1,07:30,7788.6,7929.8,15718.4,460.7000000000001,1668.2
1,08:00,7974.6,8074.099999999999,16048.7,34.800000000000146,1703.2
1,08:30,8136.2,7729.2,15865.4,1470.8,1340.5
1,09:00,8266.3,7600.599999999999,15866.9,1444.5,1374.2
1,09:30,8073.6,8365.3,16438.9,-1765.0,2078.3
1,10:00,7642.9,7924.3,15567.2,685.9000000000001,2174.4
1,10:30,7777.0,7482.200000000001,15259.2,2161.4,1729.4
1,11:00,6645.5,8054.900000000001,14700.4,549.7,3092.0
1,11:30,6625.7,8059.700000000001,14685.400000000001,636.7000000000002,3127.6
1,12:00,5158.6,8409.1,13567.699999999999,-150.30000000000013,4312.3
1,12:30,5265.3,8086.8,13352.1,1581.8999999999999,3981.9
1,13:00,4973.1,7702.9,12676.0,2297.3,3887.1
1,13:30,5055.9,7619.2,12675.1,2351.4,3771.2
1,14:00,4674.9,7615.3,12290.2,1102.9,4086.0
1,14:30,4555.5,7409.1,11964.599999999999,1355.6000000000001,3945.7
1,15:00,4674.2,6948.0,11622.199999999999,2855.5,3503.6000000000004
1,15:30,4738.9,7093.6,11832.5,3054.9,3496.6
1,16:00,4309.2,6215.9,10525.1,5256.8,2805.1
1,16:30,4247.1,5931.8,10178.9,6159.5,2402.1
1,17:00,3284.3,5291.6,8575.9,5519.4,2431.7
1,17:30,2690.3,5639.200000000001,8329.5,1211.5,2941.9
1,18:00,3163.8999999999996,6922.5,10086.4,933.1,3773.2
1,18:30,3267.1,7257.700000000001,10524.8,478.20000000000016,3940.0
1,19:00,3597.0,7820.700000000001,11417.7,895.0999999999999,4212.4
1,19:30,3666.7,7813.4,11480.1,357.5999999999999,4282.6
1,20:00,3702.8,7929.900000000001,11632.7,12.900000000000023,4170.6
1,20:30,3571.0,7672.3,11243.300000000001,43.4,4092.7
1,21:00,3791.7,8137.5,11929.2,-44.40000000000005,4236.9
1,21:30,3664.0,7750.6,11414.6,74.70000000000005,3996.7
1,22:00,4008.2,7067.1,11075.3,5173.0,3271.5
1,22:30,3784.6000000000004,7538.2,11322.8,2661.4,3790.9
1,23:00,3712.2,7369.7,11081.9,600.5,3821.5
1,23:30,3226.8,6641.6,9868.4,-112.09999999999998,3601.7
2,00:00,3333.0,5739.1,9072.1,2914.7999999999997,2731.6
2,00:30,3466.2,5567.3,9033.5,3787.0,2486.8
2,01:00,3205.1,5998.0,9203.1,1567.6999999999998,3101.8999999999996
2,01:30,3276.3,6008.0,9284.3,2169.1,3063.2
2,02:00,3053.8,4954.9,8008.7,3751.3,2578.9
2,02:30,3007.8,5155.9,8163.7,2718.1000000000004,2799.1
2,03:00,2793.0,4662.3,7455.3,3374.0,2676.8
2,03:30,2810.1,4735.4,7545.5,3433.4,2701.2
2,04:00,2802.1,5393.0,8195.1,1461.5,2904.1
2,04:30,2925.5,5312.9,8238.4,2436.4,2797.3
2,05:00,3005.3,5745.7,8751.0,794.5999999999999,3174.8
2,05:30,3400.7,5456.0,8856.7,2579.7,2674.9
2,06:00,4015.3999999999996,5678.9,9694.3,4410.5,2366.6
2,06:30,4219.8,6074.8,10294.6,2751.4,2618.7
2,07:00,5220.5,7535.6,12756.1,580.2,3167.2
2,07:30,5253.4,7644.4,12897.8,341.6,3250.3
2,08:00,5141.1,7190.400000000001,12331.5,2096.0,3006.6
2,08:30,5256.4,6618.6,11875.0,3742.2,2460.8
2,09:00,5004.1,7450.599999999999,12454.699999999999,588.5,3283.8
2,09:30,5031.3,7509.2,12540.5,523.4,3365.7000000000003
2,10:00,4779.6,6546.3,11325.9,3157.7,2818.2
2,10:30,4866.0,7021.4,11887.4,2553.4,3255.3
2,11:00,4520.4,6799.2,11319.6,2876.4,3418.2
2,11:30,4412.1,6849.5,11261.6,2968.6,3557.0
2,12:00,4127.5,6700.7,10828.2,1512.4,3795.6
2,12:30,4099.1,6584.2,10683.3,1648.1,3701.1000000000004
2,13:00,4185.9,5911.0,10096.9,3477.7,3170.9
2,13:30,4150.4,6244.7,10395.1,2140.9,3473.7
2,14:00,3975.6,6448.9,10424.5,602.4000000000001,3809.8999999999996
2,14:30,3923.0,5979.799999999999,9902.8,2229.0,3473.3999999999996
2,15:00,3871.9,5871.5,9743.4,1247.1,3536.0
2,15:30,4105.3,5854.7,9960.0,2860.2,3259.8
2,16:00,3862.3,4818.7,8681.0,3689.0,2343.9
2,16:30,3665.1,5257.6,8922.699999999999,2918.5,2867.1
2,17:00,3219.3,4058.3,7277.6,5632.3,1507.3
2,17:30,2864.5,3999.1,6863.599999999999,5681.5,1546.2
2,18:00,2029.6,5045.0,7074.599999999999,687.5,2607.5
2,18:30,2367.4,5650.5,8017.9,760.5,2889.3999999999996
2,19:00,2703.1,6466.0,9169.1,308.20000000000005,3172.7
2,19:30,2793.5,6636.2,9429.7,727.2000000000002,3288.5
2,20:00,3192.1000000000004,7836.3,11028.4,1110.4,3713.3
2,20:30,3272.5,7883.2,11155.7,780.0,3709.3999999999996
2,21:00,3046.3,7061.2,10107.5,540.6,3707.6000000000004
2,21:30,2780.0,6367.7,9147.7,414.9000000000001,3482.0
2,22:00,3002.5,6452.6,9455.1,1682.8999999999999,3402.3999999999996
2,22:30,3427.8,5912.3,9340.1,4709.1,2708.2
2,23:00,3430.6,5936.4,9367.0,3875.9,2720.3
2,23:30,3451.3999999999996,5851.6,9303.0,3910.1000000000004,2610.7
3,00:00,3224.8,5179.9,8404.7,3380.7,2221.1
3,00:30,3372.2,5121.3,8493.5,2893.2,2300.0
3,01:00,3265.9,4411.5,7677.4,3736.2999999999997,1943.9
3,01:30,3115.3,4847.1,7962.4,2634.0,2318.0
3,02:00,3016.8,4452.7,7469.5,3229.2,2124.9
3,02:30,3011.0,4534.8,7545.8,2712.7,2270.5
3,03:00,2855.0,5038.3,7893.3,649.4,2633.4
3,03:30,2802.5,5145.6,7948.1,924.3000000000002,2670.1
3,04:00,2963.2,5466.4,8429.6,721.5,2721.7
3,04:30,3191.0,5353.1,8544.1,1425.1,2568.5
3,05:00,3484.1000000000004,5154.5,8638.6,2671.7,2151.7
3,05:30,3291.5,6250.1,9541.6,-897.0000000000001,3081.4
3,06:00,3856.9,5371.7,9228.6,3593.2999999999997,1793.6
3,06:30,3677.3,6330.3,10007.6,795.4999999999999,2923.3
3,07:00,4338.9,8056.3,12395.2,-442.0000000000001,3809.3
3,07:30,4299.4,8001.099999999999,12300.5,-465.80000000000007,3903.4
3,08:00,4981.099999999999,8481.4,13462.5,-3344.2999999999997,3610.0
3,08:30,5038.0,8389.0,13427.0,-3381.2,3533.8
3,09:00,4325.1,8405.699999999999,12730.8,-2529.1,3921.3999999999996
3,09:30,4262.6,8371.300000000001,12633.9,-2598.0,3924.8
3,10:00,3506.2,7853.999999999999,11360.199999999999,-2569.0,3704.9
3,10:30,3706.8,7511.0,11217.8,-1574.8,3572.1
3,11:00,3364.1000000000004,6506.9,9871.0,542.5,3156.0
3,11:30,3265.2,6765.5,10030.7,-1645.6,3197.8
3,12:00,3321.8,5912.0,9233.8,1891.0,3000.2
3,12:30,3268.9,6105.6,9374.5,575.3000000000001,3108.8999999999996
3,13:00,3153.7000000000003,5703.0,8856.7,862.4999999999999,3010.1000000000004
3,13:30,2997.3,5638.9,8636.2,1685.8999999999999,2865.0
3,14:00,3184.9,6262.3,9447.2,969.0999999999999,3171.3
3,14:30,3049.0,6114.9,9163.9,1205.6000000000001,3105.6
3,15:00,3241.5,6352.8,9594.3,1225.0,3284.7
3,15:30,3242.2,6404.2,9646.4,1065.2,3286.6000000000004
3,16:00,3177.2,6524.3,9701.5,702.3,3281.3
3,16:30,3143.1,6462.6,9605.7,718.5,3256.6000000000004
3,17:00,2538.3,5771.3,8309.6,290.5,2837.0
3,17:30,2393.4,5590.3,7983.7,623.5999999999999,2722.0
3,18:00,2730.3,6219.6,8949.9,664.0,3090.8
3,18:30,2793.0,6511.2,9304.2,784.8000000000001,3246.3
3,19:00,3207.1,7338.5,10545.6,-21.200000000000045,3633.5
3,19:30,3259.1,7360.4,10619.5,126.00000000000001,3638.1000000000004
3,20:00,3382.5,8028.9,11411.4,425.5000000000001,3746.3
3,20:30,3358.9,7774.400000000001,11133.3,334.29999999999984,3716.7
3,21:00,2983.5,6990.2,9973.699999999999,992.6,3411.2
3,21:30,2987.4,6877.9,9865.3,988.8,3411.5
3,22:00,3148.3,7151.7,10300.0,578.0,3567.1000000000004
3,22:30,3228.0,7014.0,10242.0,432.80000000000007,3520.2
3,23:00,3254.4,7006.400000000001,10260.800000000001,978.0,3516.8999999999996
3,23:30,3215.6,6615.4,9831.0,1110.8000000000002,3228.8
4,00:00,2877.4,5630.3,8507.7,1364.6,2682.2
4,00:30,3221.3,5096.3,8317.6,3639.1,2063.7
4,01:00,3082.0,4865.2,7947.2,2652.4,1997.3
4,01:30,3089.8,4963.0,8052.8,2780.8,2109.0
4,02:00,3101.5,5340.3,8441.8,1960.8000000000002,2302.1
4,02:30,3347.2,5019.8,8367.0,3336.4,1907.6
4,03:00,3155.8999999999996,5043.3,8199.2,2910.6,2034.7
4,03:30,3028.1,5194.299999999999,8222.4,1979.2,2207.5
4,04:00,2643.8,4931.5,7575.3,1537.2,2252.3
4,04:30,2741.0,4839.099999999999,7580.1,1647.4,2132.5
4,05:00,2705.5,4978.5,7684.0,442.29999999999995,2190.7
4,05:30,3029.7,4498.3,7528.0,2199.8,1572.2
4,06:00,3384.6,5368.5,8753.1,1628.6000000000001,1982.0
4,06:30,3238.3,5943.3,9181.6,180.10000000000008,2593.9
4,07:00,4030.9,7160.7,11191.6,-100.90000000000018,3473.1
4,07:30,4202.2,6673.4,10875.6,2261.1,3058.7000000000003
4,08:00,4170.5,7642.0,11812.5,-1683.4,4018.3
4,08:30,4160.9,7613.6,11774.5,-1312.1999999999998,4026.9
4,09:00,3492.7999999999997,6220.7,9713.5,-914.7999999999998,3376.9
4,09:30,3468.6,6174.5,9643.1,-882.0999999999999,3382.3
4,10:00,2905.1,4953.599999999999,7858.7,290.0000000000001,2732.7
4,10:30,2962.0,4884.7,7846.700000000001,2140.8,2666.7
4,11:00,2911.2,4270.5,7181.7,4010.2000000000003,2279.1
4,11:30,3077.5,3807.4,6884.9,5244.5,1867.8
4,12:00,2989.0,4918.1,7907.099999999999,2922.5,2694.4
4,12:30,3110.9,4611.0,7721.9,3795.7000000000003,2387.8
4,13:00,2745.9,4669.3,7415.200000000001,631.9,2709.7
4,13:30,2663.9,4440.4,7104.3,755.5,2596.4
4,14:00,3023.7,4389.2,7412.9,4110.3,2457.7
4,14:30,2772.8,4549.6,7322.4,1192.0,2591.4
4,15:00,3190.2,6067.9,9258.1,1196.3,3147.8
4,15:30,3137.7,5990.4,9128.1,789.1999999999998,3119.7
4,16:00,2841.0,5844.5,8685.5,281.1,2924.6
4,16:30,2794.0,5893.6,8687.6,72.80000000000007,2952.2
4,17:00,2072.6,4717.0,6789.6,565.5999999999999,2383.0
4,17:30,2042.0,4652.7,6694.7,929.0999999999999,2297.8
4,18:00,2353.3,5454.7,7808.0,970.8,2817.3
4,18:30,2341.8,5479.5,7821.3,1804.3999999999999,2875.2
4,19:00,2825.7,6520.2,9345.9,107.70000000000002,3323.1
4,19:30,2732.0,6414.7,9146.7,-19.100000000000023,3290.7
4,20:00,3051.0,7024.4,10075.4,258.49999999999994,3382.1
4,20:30,3032.3,7094.5,10126.800000000001,351.90000000000003,3403.6000000000004
4,21:00,3056.2,7087.0,10143.2,821.9,3447.8999999999996
4,21:30,3013.9,6873.9,9887.8,712.0000000000001,3410.7
4,22:00,2976.0,6400.1,9376.1,659.0,3202.0
4,22:30,2742.7000000000003,6114.9,8857.6,1028.4,3052.7
4,23:00,2744.3,6049.700000000001,8794.0,637.8000000000001,3014.1000000000004
4,23:30,2895.6,6099.2,8994.8,793.6999999999999,3019.7000000000003
5,00:00,2501.1,4853.1,7354.2,3675.7999999999997,2341.7
5,00:30,2548.3,5397.9,7946.2,305.09999999999997,2791.9
5,01:00,2996.0,4778.0,7774.0,4259.4,2177.0
5,01:30,2677.5,5180.1,7857.6,658.1,2697.1000000000004
5,02:00,2568.3999999999996,4679.6,7248.0,2715.7000000000003,2438.0
5,02:30,2529.5,4649.7,7179.2,825.0,2521.8
5,03:00,2505.6,4661.3,7166.9,1899.9,2417.7
5,03:30,2630.9,4453.9,7084.8,3368.4,2194.9
5,04:00,2766.3,4184.3,6950.6,4390.4,1940.8
5,04:30,2697.5,4380.7,7078.2,4113.2,2113.5
5,05:00,2790.8,4796.3,7587.099999999999,3020.2000000000003,2414.0
5,05:30,3112.1,4640.5,7752.6,3666.4,2147.7
5,06:00,3331.8999999999996,5284.3,8616.2,2562.5,2485.2
5,06:30,3399.1,5611.0,9010.1,2215.9,2763.5
5,07:00,4751.3,7567.400000000001,12318.699999999999,2541.4,3780.5
5,07:30,4469.2,8055.8,12525.0,-926.5999999999998,4250.1
5,08:00,5519.1,8213.0,13732.1,-1424.4,3787.0
5,08:30,5333.1,8227.2,13560.3,-1354.1999999999998,3976.5
5,09:00,4611.0,8306.1,12917.1,-1076.9,4426.5
5,09:30,4611.4,8283.9,12895.3,-912.9000000000001,4436.7
5,10:00,5335.2,7862.599999999999,13197.8,2743.2999999999997,3692.6000000000004
5,10:30,5082.3,8195.8,13278.1,280.40000000000003,4054.3999999999996
5,11:00,4645.7,7982.400000000001,12628.1,2910.6,4067.8999999999996
5,11:30,4707.9,7957.900000000001,12665.8,2837.5,4142.5
5,12:00,4439.2,6650.3,11089.5,4597.1,3569.6
5,12:30,4232.9,7143.4,11376.3,1650.6,3953.5
5,13:00,4365.2,6763.6,11128.8,4522.7,3719.3999999999996
5,13:30,4209.9,6919.9,11129.8,2876.6,3877.8
5,14:00,4082.9,6730.7,10813.6,2414.4,3816.3999999999996
5,14:30,4183.9,6731.5,10915.4,3274.7,3779.9
5,15:00,3801.6000000000004,6606.5,10408.1,391.69999999999993,3820.9
5,15:30,3673.4,6537.1,10210.5,245.29999999999995,3767.1000000000004
5,16:00,3157.4,5923.6,9081.0,3.6999999999999886,3342.6
5,16:30,3299.6,6131.3,9430.9,28.800000000000047,3440.2
5,17:00,2496.7,5333.6,7830.3,363.2,2962.3
5,17:30,2575.5,5544.3,8119.8,386.2000000000001,2995.2
5,18:00,2260.2,5335.9,7596.1,1614.9,2715.9
5,18:30,2172.2,5398.6,7570.8,3585.8,2716.9
5,19:00,2249.8,5520.7,7770.5,3283.1,2740.4
5,19:30,2280.3,5564.1,7844.4,2471.8,2800.2
5,20:00,2367.3,6128.3,8495.6,1345.7999999999997,2886.4
5,20:30,2356.0,6030.599999999999,8386.6,776.2,2845.4
5,21:00,1909.6999999999998,5106.8,7016.5,3558.9,2606.9
5,21:30,1852.9,4934.9,6787.8,2766.4,2494.2
5,22:00,2022.8,4841.8,6864.6,1600.9,2567.7
5,22:30,1934.6,4716.3,6650.900000000001,1337.2,2545.1
5,23:00,1845.3,4584.5,6429.8,1533.2,2493.2
5,23:30,1944.1,4652.3,6596.4,1392.9,2569.8
6,00:00,2036.0,4344.1,6380.1,2046.1,2261.9
6,00:30,2179.6,4640.4,6820.0,1164.2,2432.2
6,01:00,2101.0,4678.8,6779.8,1149.0,2284.9
6,01:30,2271.6,4242.8,6514.4,4683.8,1909.0
6,02:00,2040.2,4812.6,6852.8,1180.8000000000002,2329.3
6,02:30,2121.3,4628.4,6749.7,3114.9,2192.4
6,03:00,1907.8,4788.0,6695.8,575.5999999999998,2340.6
6,03:30,2127.1,4507.700000000001,6634.8,4699.599999999999,2085.5
6,04:00,1989.1999999999998,4477.7,6466.9,4026.0,2077.3
6,04:30,2065.6,4506.0,6571.6,4568.5,2059.1
6,05:00,2359.9,4118.8,6478.7,5425.8,1544.0
6,05:30,2212.0,4568.2,6780.2,1583.1,1936.4
6,06:00,2731.3,5602.8,8334.1,965.5000000000001,2461.8
6,06:30,2876.6,5484.5,8361.1,1970.8,2311.8
6,07:00,4394.8,7863.9,12258.699999999999,2355.4,3418.5
6,07:30,4111.6,8242.2,12353.8,614.6999999999999,3761.9
6,08:00,5285.5,8475.0,13760.5,-1746.5,3203.3
6,08:30,5300.1,8407.7,13707.8,-1505.0,3174.6
6,09:00,5437.1,8441.5,13878.599999999999,-1648.5,3173.5
6,09:30,5442.4,8447.9,13890.300000000001,-1539.0,3159.0
6,10:00,5224.6,8621.8,13846.4,-1103.3999999999999,3596.0
6,10:30,5111.2,8652.1,13763.300000000001,-991.6999999999999,3663.1000000000004
6,11:00,4313.9,8481.1,12795.0,-319.20000000000005,4210.6
6,11:30,4263.5,8576.5,12840.0,-285.0,4189.1
6,12:00,4301.8,8396.9,12698.7,815.0,4237.1
6,12:30,4265.1,8378.3,12643.4,825.1999999999998,4211.4
6,13:00,4169.6,8293.1,12462.7,653.0,4096.0
6,13:30,4163.4,8236.8,12400.2,680.8999999999999,4126.8
6,14:00,3950.3,7809.900000000001,11760.2,724.1000000000001,3968.8
6,14:30,3844.1,7893.2,11737.3,593.1000000000001,3901.2
6,15:00,3527.0,7432.999999999999,10960.0,376.50000000000006,3659.7
6,15:30,3486.9,7245.8,10732.7,560.1999999999999,3571.2
6,16:00,2746.7,6272.2,9018.9,-227.29999999999995,3086.6000000000004
6,16:30,2770.7,6508.9,9279.6,-22.299999999999944,3190.4
6,17:00,2065.4,5477.5,7542.9,259.49999999999994,2617.6
6,17:30,2180.6,5674.5,7855.1,347.6,2599.0
6,18:00,1826.4,5032.2,6858.6,3750.2,2304.8
6,18:30,1824.3,5055.400000000001,6879.7,3881.3,2302.4
6,19:00,2077.8,5687.400000000001,7765.2,2979.1,2632.8
6,19:30,1946.4,5415.8,7362.2,3203.0,2505.3
6,20:00,2117.0,5817.2,7934.2,2828.3,2611.2
6,20:30,2066.3,5811.7,7878.0,2926.0,2580.9
6,21:00,2035.1,5674.5,7709.6,3693.5,2603.3
6,21:30,1945.8000000000002,5590.6,7536.400000000001,2646.5,2519.9
6,22:00,2068.5,5604.0,7672.5,1394.5,2589.3
6,22:30,1786.6,5112.7,6899.3,1861.3,2391.6
6,23:00,1524.8,4846.1,6370.9,1551.1,2202.2
6,23:30,1718.8999999999999,4869.5,6588.4,1427.2,2140.9
7,00:00,1921.4,4710.7,6632.1,2118.7,2185.4
7,00:30,2113.3,4557.9,6671.2,4468.3,2124.6
7,01:00,2036.6999999999998,4566.8,6603.5,1202.2,2272.3
7,01:30,2182.2,4411.3,6593.5,4239.6,2063.1
7,02:00,1951.1000000000001,4542.1,6493.2,4493.1,2152.1
7,02:30,1941.3000000000002,4630.3,6571.599999999999,1820.0,2130.2
7,03:00,1565.5,4422.7,5988.2,1096.0,2197.3
7,03:30,1829.5,4262.0,6091.5,4131.6,2058.2
7,04:00,1911.8000000000002,4185.6,6097.4,5235.4,1763.5
7,04:30,1749.1,4521.0,6270.1,2172.5,2075.8
7,05:00,1780.0,4609.9,6389.9,1548.9,2032.4
7,05:30,1908.2,4722.2,6630.4,860.4000000000001,1986.6
7,06:00,2473.5,3927.2,6400.7,5284.8,1014.0
7,06:30,2351.7000000000003,5097.0,7448.7,1115.1000000000001,2171.5
7,07:00,3574.8,6545.0,10119.8,3289.7,2711.2
7,07:30,3293.7,6887.3,10181.0,926.4,3118.0
7,08:00,3258.7,6966.799999999999,10225.5,76.7,3451.0
7,08:30,3308.5,6884.200000000001,10192.7,672.6999999999999,3319.7
7,09:00,3232.2,6284.2,9516.4,764.7,3313.1
7,09:30,3259.1,6248.900000000001,9508.0,731.9999999999999,3296.2
7,10:00,3236.9,6186.3,9423.2,412.09999999999985,3366.8
7,10:30,3274.2,6063.9,9338.1,455.30000000000007,3355.0
7,11:00,3177.8,5802.1,8979.9,290.90000000000003,3337.1
7,11:30,3153.0,5833.0,8986.0,249.89999999999998,3423.6000000000004
7,12:00,3082.8,5482.0,8564.8,812.7,3278.6
7,12:30,3199.6,5329.5,8529.1,960.5000000000001,3234.2
7,13:00,3375.7,6020.6,9396.3,537.0999999999999,3556.6
7,13:30,3325.1,5778.8,9103.9,329.20000000000005,3422.8
7,14:00,3213.3,5717.6,8930.9,418.0,3312.3999999999996
7,14:30,3090.1,5583.7,8673.8,507.99999999999994,3325.1000000000004
7,15:00,3436.9,6083.6,9520.5,651.8,3518.3
7,15:30,3336.5,6001.7,9338.2,711.2,3415.3
7,16:00,3149.3,6184.1,9333.4,700.0,3579.4
7,16:30,3148.8,6337.7,9486.5,739.5,3688.9
7,17:00,3041.8,6031.7,9073.5,857.0000000000001,3409.1000000000004
7,17:30,2787.4,5945.2,8732.6,596.4,3307.9
7,18:00,2959.0,6064.299999999999,9023.3,105.90000000000008,3346.7
7,18:30,2792.0,6172.8,8964.8,345.49999999999994,3267.4
7,19:00,2892.4,6249.4,9141.8,2.399999999999956,3299.4
7,19:30,2879.9,6345.5,9225.4,-56.699999999999946,3378.1
7,20:00,3068.2,6861.7,9929.9,386.49999999999994,3654.8
7,20:30,3140.3,6786.3,9926.6,92.6,3571.5
7,21:00,3401.6,7230.2,10631.8,353.0,3800.0
7,21:30,3316.8,7139.6,10456.4,448.40000000000003,3759.8999999999996
7,22:00,3317.2,7120.9,10438.1,617.7,3713.2
7,22:30,3414.6,7076.6,10491.2,673.3000000000001,3563.0
7,23:00,3274.4,6721.200000000001,9995.6,285.90000000000003,3559.2
7,23:30,3363.8,6827.0,10190.8,804.5,3558.0
8,00:00,3131.9,6209.5,9341.4,1884.6,3140.7
8,00:30,3489.1,6159.4,9648.5,4757.8,2936.2
8,01:00,3019.9,5775.3,8795.2,1955.3,3031.7
8,01:30,3084.0,5813.5,8897.5,2546.3,3091.9
8,02:00,2730.9,4854.3,7585.2,4664.8,2509.8
8,02:30,2694.3,4872.8,7567.1,4738.5,2521.2
8,03:00,1806.9,3943.3999999999996,5750.3,2236.8,2366.8
8,03:30,1992.4,3755.1,5747.5,5369.9,2136.4
8,04:00,1986.9,3806.0,5792.9,3628.2,2192.4
8,04:30,1902.7,3935.8999999999996,5838.599999999999,1925.7,2255.1
8,05:00,2045.4,3891.1,5936.5,4198.0,2236.8
8,05:30,2085.4,2963.3,5048.7,4850.5,1238.5
8,06:00,2185.5,3570.3,5755.8,4221.0,1840.9
8,06:30,2299.2,3788.0,6087.2,3593.5,2012.1
8,07:00,3097.4,5053.5,8150.9,4045.5,2801.8
8,07:30,3440.4,4270.6,7711.0,6354.0,2036.3000000000002
8,08:00,3480.5,5835.8,9316.3,3042.6,3435.9
8,08:30,3606.0,5888.9,9494.9,3092.1,3425.6000000000004
8,09:00,3751.0,5233.1,8984.1,6138.1,2847.2
8,09:30,3587.9,5901.6,9489.5,2435.9,3458.5
8,10:00,3513.2,5315.7,8828.9,5093.4,2928.9
8,10:30,3501.8999999999996,5259.1,8761.0,4877.8,2898.5
8,11:00,3540.5,5950.3,9490.8,2331.1,3442.1
8,11:30,3802.5,4986.7,8789.2,6326.5,2554.3
8,12:00,4510.1,6369.1,10879.2,3797.7,3302.5
8,12:30,4497.5,6293.599999999999,10791.1,4351.0,3148.7
8,13:00,5021.6,6852.3,11873.9,6150.900000000001,2978.1
8,13:30,4825.7,7652.8,12478.5,2136.7999999999997,3712.2
8,14:00,5219.9,6908.3,12128.2,6236.1,2911.3
8,14:30,5214.3,8080.5,13294.8,3302.7000000000003,3775.3
8,15:00,5355.9,8212.8,13568.7,2413.2999999999997,3752.3
8,15:30,5550.6,7284.0,12834.599999999999,6106.0,2938.7999999999997
8,16:00,4526.3,7583.9,12110.199999999999,5458.9,3766.2
8,16:30,4383.4,7563.3,11946.7,5454.0,3767.7
8,17:00,3729.3,5967.3,9696.6,6263.599999999999,2627.0
8,17:30,4084.1,6198.7,10282.8,7124.2,2524.4
8,18:00,3480.9,7494.3,10975.2,1664.6000000000001,3863.9
8,18:30,3507.1,7784.200000000001,11291.300000000001,1693.1000000000001,4058.7000000000003
8,19:00,3727.6,8111.8,11839.4,1060.3,4200.1
8,19:30,3580.6,7933.0,11513.6,1136.8999999999999,4161.9
8,20:00,3888.4,8248.7,12137.1,1154.4,4181.700000000001
8,20:30,3676.2,8150.099999999999,11826.3,1453.2,4130.9
8,21:00,4157.7,8266.5,12424.199999999999,1634.4,4145.9
8,21:30,4139.3,8201.9,12341.2,1099.5,4112.4
8,22:00,4275.1,7436.5,11711.6,4781.0,3250.0
8,22:30,4026.1000000000004,7599.8,11625.9,3929.6,3665.9
8,23:00,3904.6000000000004,7198.0,11102.6,4507.7,3249.7000000000003
8,23:30,3976.4,7109.8,11086.2,4818.4,3140.8
9,00:00,4330.9,7471.9,11802.8,3106.7,2922.4
9,00:30,4799.0,6889.700000000001,11688.7,7119.7,2028.6
9,01:00,4415.2,7533.8,11949.0,3110.1,2885.7
9,01:30,5018.7,6274.1,11292.8,6104.0,1422.8000000000002
9,02:00,4423.2,5981.5,10404.7,5393.3,1467.1
9,02:30,4338.9,6737.0,11075.9,2713.1,2287.2
9,03:00,3713.1,6419.6,10132.7,1758.7,2350.1
9,03:30,3816.8,6088.5,9905.300000000001,2465.2000000000003,2036.1
9,04:00,3729.1,5850.6,9579.7,2653.7000000000003,1795.5
9,04:30,3909.3,5185.3,9094.6,5588.8,1155.3
9,05:00,3931.2,5884.7,9815.9,3244.8,1858.3000000000002
9,05:30,4019.3,5336.6,9355.9,4766.8,1174.9
9,06:00,4319.7,6902.9,11222.6,1439.1000000000001,2479.5
9,06:30,3897.7,6292.2,10189.9,1587.0,2044.4
9,07:00,5409.8,7847.3,13257.1,2850.5,2276.8
9,07:30,5422.4,7972.400000000001,13394.8,2174.3,2481.7
9,08:00,6491.0,6961.6,13452.6,5433.9,878.5999999999999
9,08:30,6603.1,7956.6,14559.7,2971.5,1752.4
9,09:00,6526.2,7536.4,14062.6,4101.0,1380.3
9,09:30,6596.7,8131.3,14728.0,2171.6,1878.8000000000002
9,10:00,7471.5,7458.4,14929.9,4425.8,890.9000000000001
9,10:30,7800.0,7617.0,15417.0,3764.1,836.5
9,11:00,6822.2,6457.0,13279.2,6058.5,845.7
9,11:30,6581.2,7811.3,14392.5,2936.7000000000003,2266.5
9,12:00,7230.1,7658.799999999999,14888.9,3138.7999999999997,1761.0
9,12:30,7190.799999999999,7519.8,14710.6,3531.3,1652.5
9,13:00,6860.4,7626.6,14487.0,3026.6,2031.8
9,13:30,6644.799999999999,7625.1,14269.9,3247.8,2186.6
9,14:00,6323.5,7483.599999999999,13807.1,3943.9,2038.2
9,14:30,6387.2,8077.5,14464.7,1898.3,2602.1
9,15:00,6407.7,7025.400000000001,13433.1,5074.3,1505.4
9,15:30,6600.0,7121.1,13721.1,5313.2,1482.2
9,16:00,6741.7,7562.3,14304.0,4681.8,1983.3
9,16:30,6403.6,7756.3,14159.9,4133.7,2390.4
9,17:00,3876.5,5756.0,9632.5,7143.900000000001,2092.9
9,17:30,3503.7,6021.4,9525.1,5391.9,2508.4
9,18:00,2312.4,5600.1,7912.5,2295.0,2675.8
9,18:30,2539.0,6254.1,8793.1,1846.7,3057.7
9,19:00,2849.2,6738.2,9587.4,1142.9,3263.5
9,19:30,2881.5,6704.7,9586.2,1195.1,3234.5
9,20:00,3238.0,7224.9,10462.9,1252.2,3558.6
9,20:30,3241.9,7210.8,10452.7,1094.4,3557.8
9,21:00,3135.4,6977.8,10113.2,1018.0,3441.4
9,21:30,3029.5,6845.099999999999,9874.6,865.5,3375.6
9,22:00,3053.4,6676.6,9730.0,1743.6,3386.8
9,22:30,3052.1000000000004,5610.2,8662.3,4889.6,2544.5
9,23:00,2498.3,5543.2,8041.5,1868.0,2832.4
9,23:30,2912.2000000000003,5049.9,7962.1,4637.5,2326.7
10,00:00,3112.1,5419.3,8531.4,5163.6,2215.5
10,00:30,2938.2,5967.9,8906.1,2611.7000000000003,2828.1
10,01:00,2721.1,5511.1,8232.2,4161.7,2520.5
10,01:30,2767.9,5348.7,8116.6,4458.1,2263.8
10,02:00,2705.0,5165.8,7870.8,4549.0,2245.7
10,02:30,2608.8,5617.5,8226.3,1366.2,2698.9
10,03:00,2096.7,3987.2999999999997,6084.0,4955.3,1952.1
10,03:30,2136.6,4054.8,6191.4,5385.2,2024.5
10,04:00,1942.5,4124.7,6067.2,3292.7,2202.0
10,04:30,1891.1,4100.4,5991.5,2361.4,2173.5
10,05:00,2208.6,3961.4,6170.0,4912.0,1803.1999999999998
10,05:30,2402.6,4143.7,6546.3,4419.9,1789.9
10,06:00,2676.8,4485.4,7162.2,4016.2999999999997,1969.0
10,06:30,2451.4,5066.4,7517.8,999.4999999999998,2466.1
10,07:00,3626.0,7000.0,10626.0,795.2,3410.1
10,07:30,3562.7,6952.8,10515.5,920.6999999999999,3377.4
10,08:00,3885.6,7935.3,11820.9,-654.5999999999999,3957.4
10,08:30,3911.2000000000003,7908.1,11819.3,-550.4000000000001,3989.8
10,09:00,3985.7,7984.299999999999,11970.0,-516.1999999999999,3968.2
10,09:30,4038.5,7969.2,12007.7,-696.9,3989.3
10,10:00,4240.7,8167.8,12408.5,-791.0,4172.7
10,10:30,4233.9,8227.9,12461.8,-621.3,4184.2
10,11:00,4391.1,8403.8,12794.9,-758.4,4334.6
10,11:30,4263.8,8451.0,12714.8,-491.89999999999986,4360.2
10,12:00,5114.5,8472.5,13587.0,851.4000000000001,4067.0
10,12:30,5007.2,8471.6,13478.8,998.0000000000001,4092.1000000000004
10,13:00,5975.7,8417.9,14393.6,539.3999999999999,3391.2
10,13:30,5375.2,8512.9,13888.1,3.999999999999794,3731.6
10,14:00,4965.5,8544.3,13509.8,62.699999999999974,3982.0
10,14:30,4917.2,8554.4,13471.6,-61.50000000000007,3995.9
10,15:00,4669.0,8621.199999999999,13290.2,3.1000000000000014,3914.5
10,15:30,4452.4,8559.5,13011.9,328.7,4011.6000000000004
10,16:00,3586.0,7496.0,11082.0,782.0000000000001,3726.8
10,16:30,3467.3,7295.9,10763.2,637.0,3674.0
10,17:00,2848.2,6264.0,9112.2,136.79999999999995,3188.6000000000004
10,17:30,2808.1,6383.5,9191.6,363.09999999999997,3283.6
10,18:00,3068.2,7016.3,10084.5,522.8,3564.5
10,18:30,3107.5,7168.3,10275.8,793.4,3652.3
10,19:00,3539.7,7899.6,11439.3,76.60000000000005,4020.6
10,19:30,3276.6,7520.3,10796.9,311.90000000000003,3818.1000000000004
10,20:00,3508.8,7732.400000000001,11241.2,217.9,3918.4
10,20:30,3418.1000000000004,7703.4,11121.5,258.09999999999997,3864.6
10,21:00,3761.1,8245.3,12006.4,528.3000000000001,4233.2
10,21:30,3529.4,7783.0,11312.4,659.0000000000001,3963.9
10,22:00,3835.6,8121.0,11956.6,1196.2,4231.3
10,22:30,3726.0,7634.9,11360.9,1589.5,3912.0
10,23:00,3346.3999999999996,7255.099999999999,10601.5,1061.7,3686.0
10,23:30,3390.7,7165.3,10556.0,1088.9,3581.7
11,00:00,4394.7,6354.0,10748.7,4967.7,2127.7
11,00:30,4399.9,7150.9,11550.8,267.79999999999995,2884.7
11,01:00,4669.5,6792.0,11461.5,3282.4,2379.6
11,01:30,4603.7,6789.6,11393.300000000001,2593.7,2361.5
11,02:00,4211.8,6736.1,10947.9,423.5,2598.2
11,02:30,4259.2,6565.599999999999,10824.8,1840.4,2493.8
11,03:00,3927.6,5873.9,9801.5,2784.5,2081.2
11,03:30,3870.6,5784.1,9654.7,2803.1,2033.0
11,04:00,3716.3,5166.9,8883.2,4114.4,1556.4
11,04:30,3418.5,6277.1,9695.6,-733.9,2631.9
11,05:00,3864.6,6621.4,10486.0,602.8,2739.0
11,05:30,3910.1,6989.9,10900.0,-119.90000000000005,3008.0
11,06:00,4391.6,7246.0,11637.6,2824.1,3092.0
11,06:30,4372.2,7564.0,11936.2,2272.9,3381.3999999999996
11,07:00,8375.2,8092.0,16467.2,-748.9999999999999,1176.2
11,07:30,8430.8,7950.6,16381.4,-158.90000000000012,1055.4
11,08:00,8448.3,8194.0,16642.3,-2957.8,1041.3
11,08:30,8397.5,8149.1,16546.6,-3154.0,1057.6
11,09:00,7529.8,8234.3,15764.1,-2067.2999999999997,1644.4
11,09:30,7398.8,8279.3,15678.1,-1861.8999999999999,1745.9
11,10:00,8104.799999999999,8064.099999999999,16168.9,954.1,1096.6
11,10:30,8041.6,8260.3,16301.9,-1469.3,1235.7
11,11:00,8608.4,8150.2,16758.6,-1420.6999999999998,841.2
11,11:30,8681.6,8030.4,16712.0,-242.90000000000003,730.5
11,12:00,8316.7,8363.9,16680.6,-2534.0,1205.7
11,12:30,8417.3,7929.8,16347.1,951.6999999999999,887.1
11,13:00,8505.7,7943.4,16449.1,2068.4,995.1
11,13:30,8008.5,8047.099999999999,16055.6,-257.90000000000003,1422.0
11,14:00,7240.4,8168.2,15408.6,1404.8,2237.9
11,14:30,7052.8,8009.900000000001,15062.7,3508.8,2203.7
11,15:00,6816.3,8369.1,15185.4,1273.5000000000002,2549.6
11,15:30,6654.0,8405.8,15059.8,-132.4,2568.4
11,16:00,4900.7,8345.8,13246.5,4095.4,3625.9
11,16:30,4547.5,8621.5,13169.0,1825.1999999999998,4069.3
11,17:00,3900.6,8185.9,12086.5,2680.5,3987.7
11,17:30,3778.2000000000003,8158.5,11936.7,2111.9,4054.1000000000004
11,18:00,3459.0,7868.4,11327.4,201.50000000000009,4035.5
11,18:30,3520.5,8074.3,11594.800000000001,-47.00000000000002,4080.8
11,19:00,4352.0,8428.4,12780.4,470.9000000000001,4048.8999999999996
11,19:30,4008.6,8361.6,12370.2,923.5,4194.3
11,20:00,4670.1,8157.1,12827.2,-1367.4,3620.3999999999996
11,20:30,4876.2,8121.599999999999,12997.8,-1172.8,3442.1
11,21:00,4033.7000000000003,8264.6,12298.300000000001,435.9,4230.9
11,21:30,3831.4,8222.0,12053.4,435.20000000000005,4315.4
11,22:00,3761.4,8082.099999999999,11843.5,799.5999999999999,4096.6
11,22:30,3618.4,7921.6,11540.0,1067.3999999999999,4053.6
11,23:00,3689.1000000000004,7756.5,11445.6,1094.1999999999998,3892.1
11,23:30,3647.7,7644.5,11292.2,1359.6999999999998,3749.7
12,00:00,4595.3,7544.0,12139.3,3350.6,2886.7
12,00:30,4705.4,7805.1,12510.5,234.19999999999993,3065.1
12,01:00,4501.8,7730.400000000001,12232.2,-707.8,3092.7
12,01:30,4631.7,7376.8,12008.5,1588.7,2765.6
12,02:00,4389.8,7220.9,11610.7,1143.2,2764.4
12,02:30,4361.0,7311.0,11672.0,889.1999999999999,2922.9
12,03:00,3661.3,6325.8,9987.1,107.10000000000002,2564.5
12,03:30,3682.2,6150.2,9832.4,1367.7,2506.7
12,04:00,3080.2,5685.1,8765.3,-849.9000000000001,2497.8
12,04:30,3208.7,5495.900000000001,8704.6,1357.2,2340.4
12,05:00,3160.7,5259.5,8420.2,1137.8,2282.1
12,05:30,3357.8,5124.2,8482.0,1839.0,2057.6
12,06:00,4563.0,6497.3,11060.3,574.8000000000002,2383.5
12,06:30,4647.0,6184.2,10831.2,1922.1999999999998,2166.6
12,07:00,6281.1,8280.1,14561.2,-2085.9,2825.4
12,07:30,6451.7,8257.7,14709.4,-2343.1,2680.8
12,08:00,8464.5,7661.5,16126.0,317.49999999999994,437.20000000000005
12,08:30,8409.2,8217.6,16626.8,-1853.3999999999999,845.0
12,09:00,6788.3,8116.8,14905.1,-495.4999999999999,1941.3
12,09:30,6778.200000000001,7822.0,14600.2,1028.1000000000001,1703.5
12,10:00,6322.4,8469.8,14792.2,-809.1999999999999,2620.4
12,10:30,6555.5,8587.3,15142.8,-2093.4,2569.2
12,11:00,6515.0,7963.5,14478.5,655.7,2443.5
12,11:30,6335.9,8165.7,14501.6,287.9,2701.0
12,12:00,5693.6,8391.8,14085.4,-1710.0,3252.8
12,12:30,5610.0,8645.0,14255.0,-1750.8,3413.3
12,13:00,5282.7,7807.1,13089.8,1649.6000000000001,2979.8
12,13:30,5122.7,8380.6,13503.3,-1483.3000000000002,3396.7
12,14:00,5018.5,8107.1,13125.6,-38.49999999999998,3391.5
12,14:30,4902.8,8322.7,13225.5,-448.09999999999997,3665.3999999999996
12,15:00,5347.1,8268.9,13616.0,-335.30000000000007,3356.9
12,15:30,5149.4,7666.8,12816.2,2096.1,2992.2
12,16:00,4400.0,8013.3,12413.3,-522.2,3605.8
12,16:30,4461.1,7161.5,11622.6,4763.900000000001,2918.9
12,17:00,3479.5,6917.3,10396.8,3000.7000000000003,3215.2
12,17:30,3601.1,7346.1,10947.2,1099.7,3574.8
12,18:00,3298.5,7427.9,10726.4,645.1,3775.2
12,18:30,3281.2000000000003,7370.1,10651.3,417.80000000000007,3774.5
12,19:00,3700.1,8213.3,11913.4,117.19999999999996,4211.0
12,19:30,3934.3999999999996,8219.2,12153.6,102.49999999999994,4117.0
12,20:00,4323.1,8131.3,12454.4,683.0000000000001,3836.4
12,20:30,4144.5,8126.6,12271.1,991.8000000000001,3926.8
12,21:00,3820.4,8178.8,11999.2,723.8,4239.8
12,21:30,3548.1,7894.9,11443.0,417.5000000000001,3971.6
12,22:00,3522.1,7524.400000000001,11046.5,1666.0,3784.8999999999996
12,22:30,3294.9,7030.7,10325.6,1547.0,3523.4
12,23:00,3172.6,6823.2,9995.8,1209.7,3414.3999999999996
12,23:30,3202.0,6783.1,9985.1,1927.4,3316.5
13,00:00,3747.1,6685.400000000001,10432.5,636.1,2661.6
13,00:30,4104.6,6810.8,10915.4,1899.6,2538.9
13,01:00,4261.9,6237.099999999999,10499.0,3634.0,1938.0
13,01:30,4130.3,6630.4,10760.7,1736.2,2468.3
13,02:00,4046.8,6176.0,10222.8,2536.2,2202.9
13,02:30,4209.9,5450.6,9660.5,5432.2,1440.8
13,03:00,3843.6,5294.7,9138.3,4637.5,1637.0
13,03:30,3677.3,5374.9,9052.2,3573.6,1797.3000000000002
13,04:00,3045.5,5245.1,8290.6,1596.0,2052.0
13,04:30,3033.0,5366.2,8399.2,1527.2,2147.9
13,05:00,3061.9,5360.5,8422.4,1121.5,2143.7
13,05:30,3136.6,5524.0,8660.6,1238.1999999999998,2195.0
13,06:00,3787.5,6725.8,10513.3,2070.9,2777.5
13,06:30,3637.9,7002.7,10640.6,494.9,3134.8999999999996
13,07:00,7435.799999999999,7904.3,15340.1,1184.2,1468.3
13,07:30,7141.7,7718.0,14859.7,1794.2,1566.0
13,08:00,7827.0,8186.099999999999,16013.099999999999,-3266.7000000000003,1240.8
13,08:30,7665.6,8176.799999999999,15842.4,-3372.7999999999997,1390.3999999999999
13,09:00,6536.1,8327.2,14863.3,-2193.7,2355.5
13,09:30,6445.2,8276.3,14721.5,-2042.4,2424.1000000000004
13,10:00,4613.9,8552.0,13165.9,-1576.2,3825.3999999999996
13,10:30,4569.6,8576.5,13146.1,-1376.2,3908.6
13,11:00,3775.5,7970.099999999999,11745.6,-587.4000000000001,3879.9
13,11:30,3706.5,7846.3,11552.8,-527.9,3805.9
13,12:00,3549.3,7150.4,10699.7,2548.4,3469.1
13,12:30,3427.7,7274.8,10702.5,1244.5,3497.7
13,13:00,3539.5,7326.0,10865.5,898.7,3619.5
13,13:30,3437.2,7202.599999999999,10639.8,733.5999999999999,3585.4
13,14:00,3326.8,6784.8,10111.6,929.5000000000001,3372.5
13,14:30,3194.6,6853.0,10047.6,858.7999999999998,3400.2
13,15:00,3395.3,7211.1,10606.4,909.5,3635.0
13,15:30,3515.7,7274.5,10790.199999999999,973.2,3621.7
13,16:00,3054.2,6738.099999999999,9792.3,167.09999999999997,3290.9
13,16:30,2959.4,6681.5,9640.9,205.89999999999998,3303.8999999999996
13,17:00,2303.2,5401.2,7704.400000000001,728.4,2791.1
13,17:30,2209.6,5275.9,7485.5,1487.4,2674.1
13,18:00,2341.2,5565.3,7906.5,3382.8999999999996,2814.8
13,18:30,2511.6,5900.7,8412.3,4108.400000000001,2894.6
13,19:00,2904.9,6863.2,9768.1,3330.8,3335.5
13,19:30,2853.8,6787.9,9641.699999999999,3242.8,3338.3
13,20:00,2786.1,6691.5,9477.6,3416.8999999999996,3271.3
13,20:30,2656.5,6610.0,9266.5,3684.1,3171.0
13,21:00,3051.6,7089.8,10141.4,3595.4,3496.6
13,21:30,2941.7,6982.900000000001,9924.6,3220.0,3492.6
13,22:00,3191.2,7162.6,10353.8,2727.8,3527.3
13,22:30,3203.2,7140.5,10343.7,1694.8,3582.5
13,23:00,3222.4,6947.8,10170.2,1206.1999999999998,3484.6
13,23:30,3197.2,7089.7,10286.9,796.1999999999999,3542.8
14,00:00,4668.2,6325.8,10994.0,2611.1,2004.7
14,00:30,4911.9,5787.5,10699.4,5937.7,1271.5
14,01:00,4944.5,5770.0,10714.5,5579.4,1305.9
14,01:30,4780.1,6448.8,11228.9,1083.6000000000001,2003.3
14,02:00,4603.1,6415.7,11018.8,1131.8000000000002,2093.0
14,02:30,4829.0,5787.7,10616.7,4848.5,1319.1
14,03:00,4678.5,6366.0,11044.5,1968.2,1961.1
14,03:30,4815.8,5776.2,10592.0,4726.0,1375.1999999999998
14,04:00,4698.3,6178.3,10876.6,3759.3,1786.2
14,04:30,4791.7,6176.0,10967.7,3680.6,1878.1
14,05:00,4537.9,6237.599999999999,10775.5,1233.1,2076.9
14,05:30,4589.5,6397.4,10986.9,1210.4,2168.6
14,06:00,4967.8,7424.4,12392.2,432.9,2902.0
14,06:30,5035.5,7402.6,12438.099999999999,1889.7,2917.5
14,07:00,7647.599999999999,8242.4,15890.0,-541.3000000000001,1812.8
14,07:30,7469.1,7884.1,15353.2,1912.3999999999999,1786.9
14,08:00,7878.9,8151.8,16030.7,-1382.1,1444.4
14,08:30,7733.5,8213.0,15946.5,-1231.4,1600.1999999999998
14,09:00,5823.4,8284.5,14107.9,-562.6999999999999,2952.0
14,09:30,5794.9,8329.4,14124.3,-340.79999999999984,2994.7
14,10:00,5301.1,8124.4,13425.5,631.1000000000001,2990.9
14,10:30,5352.4,8030.9,13383.3,873.7,2929.9
14,11:00,4750.0,7117.4,11867.4,656.7,2521.9
14,11:30,4830.4,7011.799999999999,11842.2,650.3,2406.1
14,12:00,4829.4,7000.8,11830.199999999999,493.3,2522.3
14,12:30,4895.4,6924.0,11819.4,687.5,2417.0
14,13:00,4987.4,6931.700000000001,11919.1,1291.0,2408.1
14,13:30,4975.1,6651.099999999999,11626.2,1435.1,2206.9
14,14:00,5086.8,6518.5,11605.300000000001,1509.6,2138.0
14,14:30,5129.9,6447.9,11577.8,1843.8,1992.9
14,15:00,4942.8,6276.1,11218.9,1791.8999999999999,2044.2
14,15:30,4498.0,6552.1,11050.1,1479.9,2611.6
14,16:00,3477.4,5600.4,9077.8,2449.9,2460.8
14,16:30,3262.2,5729.8,8992.0,1424.2,2711.5
14,17:00,2966.2,5676.0,8642.2,1407.6000000000001,2696.6
14,17:30,2769.6,5928.2,8697.8,1447.7,2971.6
14,18:00,3051.4,7143.7,10195.1,1810.6000000000001,3523.3
14,18:30,3033.4,7395.3,10428.7,1400.1999999999998,3703.1
14,19:00,4071.7,8417.6,12489.3,1091.4,3983.5
14,19:30,4244.7,8352.4,12597.1,961.8000000000002,3828.3
14,20:00,5225.799999999999,8141.0,13366.8,1002.8,3017.5
14,20:30,5189.2,8127.400000000001,13316.6,1091.6999999999998,2986.7
14,21:00,6228.1,8103.599999999999,14331.7,1763.2,2338.1
14,21:30,6004.1,8114.099999999999,14118.199999999999,1899.4999999999998,2557.9
14,22:00,6143.7,8126.4,14270.1,2545.4,2443.2
14,22:30,6306.9,8075.7,14382.6,2684.3,2319.6
14,23:00,5739.7,8163.3,13903.0,2756.5,2585.7
14,23:30,5806.0,8093.400000000001,13899.4,2380.1,2435.7
15,00:00,5393.7,6941.5,12335.2,3835.6,1696.5
15,00:30,5494.0,7247.9,12741.9,3885.6,1842.8000000000002
15,01:00,5519.9,7135.4,12655.3,3910.6,1788.0
15,01:30,5467.7,7176.8,12644.5,3901.3,1858.7
15,02:00,5429.4,7099.7,12529.1,3190.1,1779.4
15,02:30,5136.9,6891.8,12028.7,2749.3,1603.4
15,03:00,4652.0,5719.5,10371.5,4437.0,1191.1
15,03:30,4615.1,5927.900000000001,10543.0,3915.0,1428.4
15,04:00,4689.3,6150.6,10839.9,2881.3,1614.1
15,04:30,4728.0,5767.299999999999,10495.3,3882.6,1221.1
15,05:00,4773.2,6519.8,11293.0,2653.8,1699.1
15,05:30,4734.5,6653.7,11388.2,1964.8999999999999,1851.3000000000002
15,06:00,4968.6,7289.5,12258.1,2449.5,2187.5
15,06:30,4684.3,7339.5,12023.800000000001,1129.6,2418.9
15,07:00,6559.3,8059.599999999999,14618.9,1195.1000000000001,2008.7
15,07:30,6586.1,7859.8,14445.9,2072.1,1845.0
15,08:00,7213.700000000001,8423.2,15636.9,-913.3000000000001,1895.0
15,08:30,7192.3,8358.1,15550.4,-522.1999999999998,1923.0
15,09:00,6205.0,7525.7,13730.7,3411.1,2042.7
15,09:30,6243.200000000001,7454.5,13697.7,3531.0,1947.1
15,10:00,5150.9,7605.3,12756.2,2122.0,2763.4
15,10:30,5177.9,7722.3,12900.199999999999,1794.2,2876.5
15,11:00,4881.7,7186.700000000001,12068.4,2093.2,2592.6
15,11:30,4856.1,7054.4,11910.5,2833.3,2491.7
15,12:00,5045.2,7504.8,12550.0,1720.3999999999999,2954.4
15,12:30,5031.2,7702.0,12733.199999999999,24.09999999999991,3069.1
15,13:00,5275.5,7094.5,12370.0,3159.3,2603.0
15,13:30,5369.1,7176.0,12545.1,3371.1,2571.1
15,14:00,5415.2,7372.1,12787.3,2519.8,2713.4
15,14:30,5330.2,7391.0,12721.2,1531.8,2756.0
15,15:00,5515.7,7463.2,12978.9,2615.3,2566.2
15,15:30,5388.2,7484.099999999999,12872.3,1211.9,2581.9
15,16:00,5413.3,6871.2,12284.5,4423.2,2254.4
15,16:30,5189.5,7202.3,12391.8,4535.900000000001,2553.5
15,17:00,4500.8,5944.3,10445.1,6073.2,1976.2
15,17:30,4046.9,5540.599999999999,9587.5,5682.299999999999,1869.4
15,18:00,3421.1,6421.7,9842.8,1952.3,2814.4
15,18:30,3415.8,6586.2,10002.0,2408.2000000000003,2967.4
15,19:00,3457.9,6935.9,10393.8,2015.3,3223.2
15,19:30,3319.1,6882.2,10201.3,1987.8,3248.7
15,20:00,3751.0,7019.9,10770.9,1736.6,3172.0
15,20:30,3834.5,6920.6,10755.1,1632.1000000000001,3105.3
15,21:00,4155.9,7026.1,11182.0,2021.9,3024.7
15,21:30,4189.4,6780.0,10969.4,1909.3,2827.1
15,22:00,4536.1,6545.2,11081.3,4213.3,2272.3
15,22:30,4950.8,6001.9,10952.7,6212.1,1645.6
15,23:00,4701.5,6405.9,11107.4,2425.9,2209.6000000000004
15,23:30,4875.4,6291.9,11167.3,2834.9,1950.3000000000002
16,00:00,4857.6,6473.0,11330.6,2521.2,2444.4
16,00:30,5151.4,6273.5,11424.9,4454.9,2034.7
16,01:00,5112.2,6380.1,11492.3,4040.7,2108.9
16,01:30,5006.9,6695.6,11702.5,1971.5,2423.6
16,02:00,4849.9,6515.9,11365.8,1423.7,2490.3
16,02:30,4905.2,6634.5,11539.7,998.9999999999999,2548.7
16,03:00,4474.3,6224.3,10698.6,685.8,2420.3
16,03:30,4501.6,6268.9,10770.5,700.6,2426.2
16,04:00,4205.7,6166.9,10372.6,521.5999999999999,2344.8
16,04:30,4364.8,5471.8,9836.6,3524.3,1710.0
16,05:00,4345.8,5143.7,9489.5,3695.3,1438.2
16,05:30,4236.6,6054.8,10291.4,441.90000000000003,2270.5
16,06:00,4659.4,6430.6,11090.0,705.6999999999999,2471.8
16,06:30,4345.1,6124.2,10469.3,818.4000000000001,2187.2
16,07:00,5359.2,6609.5,11968.7,1946.6,2589.7
16,07:30,5244.9,7214.3,12459.2,165.69999999999993,3108.4
16,08:00,5280.6,7072.0,12352.6,-242.99999999999994,3282.1
16,08:30,5253.2,6967.6,12220.8,1263.1000000000001,3009.0
16,09:00,5047.7,6938.1,11985.8,367.80000000000007,3134.4
16,09:30,5111.1,6975.6,12086.7,-181.8999999999999,3176.6
16,10:00,4911.6,6680.3,11591.9,282.2,3013.8999999999996
16,10:30,4879.8,6429.7,11309.5,1881.7,2815.3
16,11:00,5052.1,6224.099999999999,11276.199999999999,3048.4,2631.9
16,11:30,5004.9,6486.400000000001,11491.3,2117.5,2975.8
16,12:00,5091.5,5949.3,11040.800000000001,3145.7,2757.1
16,12:30,5028.0,5828.5,10856.5,3709.3,2627.0
16,13:00,5037.1,6780.7,11817.8,2157.2000000000003,3261.5
16,13:30,5116.3,5834.5,10950.8,4078.9,2350.4
16,14:00,5289.5,6684.900000000001,11974.4,2516.6,2919.1
16,14:30,5304.0,6078.3,11382.3,4050.7000000000003,2341.7
16,15:00,5450.6,6669.4,12120.0,3785.2999999999997,2666.9
16,15:30,5259.7,7396.4,12656.1,825.2,3357.6
16,16:00,4955.3,5097.5,10052.800000000001,6869.5,1595.2
16,16:30,4614.9,6330.4,10945.3,1751.8,2795.4
16,17:00,4161.4,5144.2,9305.6,6971.900000000001,1624.7
16,17:30,3507.6,5517.4,9025.0,1186.8,2152.3
16,18:00,3490.2,5546.7,9036.9,1314.1,1770.8000000000002
16,18:30,3486.6,5554.8,9041.4,1969.1,1809.5
16,19:00,3759.4,6147.5,9906.9,1821.5,2017.2
16,19:30,3849.3,6069.5,9918.8,1610.3,1866.0
16,20:00,3879.4,6280.9,10160.3,1658.1000000000001,1980.0
16,20:30,3819.1,6186.6,10005.7,1388.8,1905.6
16,21:00,4191.0,6116.7,10307.7,1520.5,2082.8
16,21:30,3995.0,5809.0,9804.0,1576.3,1947.5
16,22:00,4054.7,5792.9,9847.6,2467.1,2001.8
16,22:30,4207.0,5724.0,9931.0,3351.9,1856.0
16,23:00,3999.8,5871.6,9871.4,1994.0,2050.9
16,23:30,4102.4,5885.9,9988.3,2352.8,1991.2
17,00:00,4319.9,5802.7,10122.6,3891.4,1720.7
17,00:30,4338.8,6163.3,10502.1,2232.2000000000003,2103.8
17,01:00,4384.1,6087.8,10471.9,3070.9,1951.3
17,01:30,4370.4,6424.8,10795.2,1217.8,2353.8
17,02:00,4384.6,6232.6,10617.2,2673.6,2213.3
17,02:30,4495.1,5814.7,10309.8,4266.7,1680.8
17,03:00,4370.4,5758.2,10128.6,4006.4,1750.7
17,03:30,4252.6,6239.6,10492.2,2229.2,2237.3
17,04:00,4326.9,5823.8,10150.7,3980.5,1801.5
17,04:30,4278.3,5872.4,10150.7,3970.6,1861.0
17,05:00,4287.9,6049.7,10337.6,3373.7000000000003,2022.1
17,05:30,4313.6,6229.6,10543.2,3379.6,2053.5
17,06:00,5029.2,7524.5,12553.7,3271.7000000000003,2752.8
17,06:30,4973.4,8015.5,12988.9,1678.6,3209.0
17,07:00,8127.6,7983.0,16110.6,200.10000000000002,1272.2
17,07:30,8275.6,7606.2,15881.800000000001,1946.6,945.9
17,08:00,7939.4,8129.5,16068.9,-1603.6,1654.8
17,08:30,7832.0,8128.4,15960.4,-1423.0,1778.3
17,09:00,8371.4,8101.2,16472.6,-1478.3,1237.2
17,09:30,8437.9,8104.2,16542.1,-1378.7,1148.1000000000001
17,10:00,8634.2,8357.4,16991.6,-1480.8,1208.5
17,10:30,8548.9,8334.6,16883.5,-1401.1,1307.2
17,11:00,7454.7,8306.2,15760.9,-1442.8,2420.3
17,11:30,7343.7,8359.9,15703.6,-1105.0,2544.5
17,12:00,5427.6,7956.400000000001,13384.0,-573.0,3764.7
17,12:30,5463.3,7819.5,13282.8,-223.49999999999994,3608.8
17,13:00,5089.6,6919.900000000001,12009.5,987.1,3115.1
17,13:30,5016.3,6630.3,11646.6,1079.8,2899.5
17,14:00,4899.1,6213.9,11113.0,1503.1,2596.8
17,14:30,4882.4,6055.9,10938.3,1944.2,2511.2
17,15:00,4717.5,5628.900000000001,10346.4,2098.1,2407.4
17,15:30,4599.2,5766.9,10366.1,1917.2,2504.3999999999996
17,16:00,4370.0,5610.3,9980.3,1724.7,2387.6
17,16:30,4315.0,5630.4,9945.4,1529.2,2354.0
17,17:00,3944.1,5394.4,9338.5,1748.4,2270.8
17,17:30,3608.2,5500.6,9108.8,1770.8,2461.3
17,18:00,3478.3,6231.7,9710.0,2336.9,2898.7
17,18:30,3389.8,6177.2,9567.0,4008.9,2862.2
17,19:00,3626.8,7109.9,10736.7,3085.4,3333.3
17,19:30,3744.0,7091.6,10835.6,2320.1,3224.8999999999996
17,20:00,3798.5,7190.0,10988.5,2640.7,3148.4
17,20:30,3825.3,7085.1,10910.4,2442.4,3063.1
17,21:00,4123.1,7375.4,11498.5,2445.2999999999997,3255.3
17,21:30,4270.4,6893.3,11163.7,2648.7999999999997,2880.1
17,22:00,4440.7,6778.2,11218.9,2905.6,2622.6
17,22:30,4624.2,6764.1,11388.3,2754.7000000000003,2410.1
17,23:00,4453.2,6255.7,10708.9,2264.0,2236.0
17,23:30,4530.0,6332.9,10862.9,1835.9,2246.6
18,00:00,4535.6,5501.2,10036.8,3144.0,1725.3
18,00:30,4495.9,5677.7,10173.6,1446.2,1900.3000000000002
18,01:00,4592.1,5120.1,9712.2,5366.7,1261.8
18,01:30,4334.9,5569.0,9903.9,2261.1,1806.0
18,02:00,4257.3,5636.8,9894.1,1291.8000000000002,1873.3
18,02:30,4376.3,5271.6,9647.9,4246.0,1501.8
18,03:00,4424.2,5617.1,10041.300000000001,3351.8,1714.4
18,03:30,4421.2,5443.7,9864.9,3940.8,1452.4
18,04:00,4309.3,5069.0,9378.3,4745.8,1301.7
18,04:30,4109.099999999999,5590.3,9699.4,2791.8,1850.7
18,05:00,4125.4,5750.3,9875.7,1910.0,1913.6
18,05:30,4212.2,5304.3,9516.5,3676.8,1454.3
18,06:00,4776.9,7246.1,12023.0,1791.1999999999998,2691.9
18,06:30,4894.0,7449.9,12343.9,1719.4,2837.7999999999997
18,07:00,8355.1,7977.4,16332.5,1256.8999999999999,1120.2
18,07:30,8416.6,8017.6,16434.2,644.2,1124.8
18,08:00,8536.5,8236.2,16772.7,-1910.5,1112.5
18,08:30,8584.6,8235.3,16819.9,-1611.1,1107.4
18,09:00,7996.6,8203.4,16200.0,-1936.7,1639.9
18,09:30,7941.3,8168.7,16110.0,-1861.7,1600.5
18,10:00,6792.2,8357.8,15150.0,-1100.6,2610.5
18,10:30,6697.6,8374.8,15072.4,-1125.7,2725.8
18,11:00,5539.4,8187.900000000001,13727.3,-304.9,3446.3999999999996
18,11:30,5531.4,8116.7,13648.1,-184.0000000000001,3425.4
18,12:00,5169.9,7521.599999999999,12691.5,697.8,3188.2
18,12:30,5204.0,7375.2,12579.2,1107.3,3042.2000000000003
18,13:00,4970.7,6827.1,11797.8,1661.4,2691.1
18,13:30,5005.7,6720.8,11726.5,1814.6000000000001,2585.0
18,14:00,5116.4,6634.3,11750.7,2188.7,2534.6
18,14:30,5046.8,6437.599999999999,11484.4,2334.8,2381.7
18,15:00,4672.5,5843.5,10516.0,2726.3,2095.7
18,15:30,4576.8,5733.0,10309.8,2425.6000000000004,2047.1
18,16:00,4497.1,5741.3,10238.4,2268.9,2038.6
18,16:30,4244.1,5881.8,10125.9,2370.5,2201.1
18,17:00,3671.1,5338.0,9009.1,2129.6,2107.3
18,17:30,3445.8,5466.5,8912.3,2239.8,2317.3
18,18:00,3035.8,5249.2,8285.0,4456.4,2260.3
18,18:30,2956.2,5543.7,8499.9,4983.6,2580.6
18,19:00,3381.2,6505.5,9886.7,4669.1,2853.5
18,19:30,3517.6,6369.6,9887.2,4039.7999999999997,2691.5
18,20:00,3744.4,6643.4,10387.8,2425.9,2787.0
18,20:30,3750.5,6582.3,10332.8,2116.1,2722.7
18,21:00,3978.0,6584.1,10562.1,2507.5,2819.7
18,21:30,3970.7,6180.0,10150.7,2654.2,2521.0
18,22:00,4597.9,6663.0,11260.9,2683.7,2360.8999999999996
18,22:30,4788.9,6603.2,11392.1,2859.7999999999997,2151.4
18,23:00,4816.1,6658.2,11474.3,1623.4,2194.8
18,23:30,4957.3,6646.400000000001,11603.7,1592.2,2061.1000000000004
19,00:00,5021.4,6143.6,11165.0,5346.7,1645.3
19,00:30,5282.0,5487.900000000001,10769.9,6515.5,999.0
19,01:00,4602.4,6247.4,10849.8,1038.6,2039.8
19,01:30,4733.9,6024.3,10758.2,3171.7,1807.2
19,02:00,4389.1,6178.400000000001,10567.5,321.29999999999995,2067.6
19,02:30,4439.8,5929.1,10368.9,2028.5,1868.2
19,03:00,4130.8,5864.4,9995.2,190.30000000000007,1993.8
19,03:30,4249.1,5541.0,9790.1,2921.5,1696.5
19,04:00,4289.0,5293.8,9582.8,4126.8,1333.8
19,04:30,4141.8,5892.5,10034.3,1714.7,1861.7
19,05:00,4174.6,6491.4,10666.0,-271.00000000000006,2295.3
19,05:30,4238.6,5947.7,10186.3,2617.7999999999997,1836.2
19,06:00,4730.9,7124.2,11855.1,2178.8999999999996,2616.9
19,06:30,4632.3,7634.3,12266.6,229.0,3037.7
19,07:00,8232.0,7217.8,15449.8,2654.1,573.1999999999999
19,07:30,8164.2,8039.2,16203.4,-603.1,1129.1
19,08:00,8329.4,8106.0,16435.4,-1971.1000000000001,1048.3
19,08:30,8358.7,8133.900000000001,16492.6,-1903.3,1046.8
19,09:00,8018.200000000001,8141.3,16159.5,-1953.1,1353.4
19,09:30,8004.2,8160.2,16164.4,-2044.9,1338.0
19,10:00,6229.0,8505.800000000001,14734.8,-747.4000000000001,3008.8
19,10:30,6132.3,8474.3,14606.6,-636.7999999999998,3070.1
19,11:00,5196.1,7791.5,12987.599999999999,2.000000000000046,3226.8999999999996
19,11:30,5115.5,7637.7,12753.2,288.30000000000007,3167.5
19,12:00,5051.6,7241.5,12293.1,1255.5,3035.4
19,12:30,5055.0,6976.099999999999,12031.1,2089.3,2788.7
19,13:00,4976.2,6601.5,11577.7,2504.3,2618.1
19,13:30,4976.0,6504.6,11480.6,2732.2000000000003,2518.3
19,14:00,4912.0,6614.7,11526.7,2845.6,2500.2
19,14:30,4415.9,6862.5,11278.4,2553.5,2995.5
19,15:00,4254.5,6680.2,10934.7,2169.0,3072.6
19,15:30,4245.8,6699.3,10945.1,2157.0,3007.6
19,16:00,4154.3,6533.9,10688.2,1902.5,2866.7
19,16:30,4045.7,6565.8,10611.5,1556.1,2908.9
19,17:00,3455.2,6072.2,9527.4,1589.1,2955.7
19,17:30,3007.3,6245.2,9252.5,1427.9,3235.2
19,18:00,2795.0,6247.3,9042.3,1364.5000000000002,3326.7
19,18:30,2751.0,6601.6,9352.6,858.8,3453.2
19,19:00,3039.1,7358.5,10397.6,614.8000000000001,3773.6000000000004
19,19:30,3104.0,7267.8,10371.8,813.1999999999999,3733.2
19,20:00,3240.1,7612.8,10852.9,1084.6,3841.5
19,20:30,3277.3,7562.299999999999,10839.599999999999,1395.9,3814.3999999999996
19,21:00,3346.6,7262.8,10609.4,1707.3999999999999,3979.6000000000004
19,21:30,3304.0,7109.5,10413.5,1983.3,3909.8
19,22:00,3709.1,7525.3,11234.4,2133.4,3872.3
19,22:30,4415.8,7043.8,11459.6,2362.1,3028.4
19,23:00,4009.1,6702.5,10711.6,1917.6,3150.6
19,23:30,4323.1,6519.8,10842.9,1431.5,2773.3
20,00:00,4580.1,5597.099999999999,10177.199999999999,1940.9,2007.7
20,00:30,4590.3,5616.6,10206.9,1534.7,2115.5
20,01:00,4559.7,5446.7,10006.4,2542.6,1850.0
20,01:30,4545.5,5503.2,10048.7,2287.6,1888.7
20,02:00,4747.6,5749.3,10496.9,2997.3,1760.2
20,02:30,4762.6,5835.3,10597.9,2753.2,1853.8
20,03:00,4584.3,5533.9,10118.2,3360.3,1704.9
20,03:30,4473.3,5587.5,10060.8,3154.1,1762.2
20,04:00,4179.4,5592.2,9771.6,618.5,2075.6
20,04:30,4228.7,5258.6,9487.3,2846.7999999999997,1698.1000000000001
20,05:00,4354.8,5303.6,9658.4,3616.7,1592.5
20,05:30,4420.5,5370.1,9790.6,4294.3,1504.2
20,06:00,5005.8,7750.2,12756.0,609.9999999999999,3199.7
20,06:30,5029.6,7711.1,12740.7,805.7,3182.5
20,07:00,8235.0,7607.1,15842.099999999999,1234.7,1145.1
20,07:30,7959.9,7868.7,15828.6,566.7,1547.8
20,08:00,7635.5,8102.3,15737.800000000001,-2028.8,1840.8000000000002
20,08:30,7473.0,8100.1,15573.1,-2017.5,1936.2
20,09:00,6738.5,8192.4,14930.9,-1203.2,2533.0
20,09:30,6695.3,8201.6,14896.9,-1246.6000000000001,2572.9
20,10:00,5096.9,7746.299999999999,12843.2,116.6999999999999,3258.3
20,10:30,5141.7,7778.5,12920.2,225.60000000000005,3274.5
20,11:00,4600.0,6732.6,11332.6,725.8,2792.0
20,11:30,4587.8,6706.599999999999,11294.4,921.1,2766.9
20,12:00,3999.2,5635.0,9634.2,2733.1,2320.0
20,12:30,4038.5,5685.3,9723.8,2538.8,2317.5
20,13:00,4006.4,5347.9,9354.3,2267.2999999999997,2046.4
20,13:30,3464.7,5498.6,8963.3,2032.5,2503.6
20,14:00,3648.1,5493.0,9141.1,1912.8,2409.5
20,14:30,3535.7,5430.799999999999,8966.5,1736.9,2382.7
20,15:00,3615.8999999999996,5541.0,9156.9,1837.5,2485.3
20,15:30,3567.6,5487.4,9055.0,1805.0,2379.3
20,16:00,3106.4,5252.0,8358.4,2781.5,2402.8
20,16:30,2924.6,5392.2,8316.8,3365.2,2596.2
20,17:00,2263.3,4347.9,6611.2,4490.6,2283.4
20,17:30,1930.8,4309.2,6240.0,4549.3,2387.7
20,18:00,2058.7,4948.5,7007.2,4912.5,2714.1
20,18:30,2138.5,5091.0,7229.5,4335.4,2804.8
20,19:00,2468.0,5802.3,8270.3,3998.6,3127.5
20,19:30,2492.3,5784.099999999999,8276.4,4084.8,3094.8
20,20:00,2771.8,6624.700000000001,9396.5,4365.4,3340.9
20,20:30,2729.0,6634.1,9363.1,3613.7,3319.8
20,21:00,3078.6,7289.8,10368.4,3157.6,3734.6
20,21:30,3030.7,6927.3,9958.0,3283.7,3525.8
20,22:00,3174.5,6990.0,10164.5,2063.8,3517.3
20,22:30,3735.7,6636.0,10371.7,2363.6,2934.6
20,23:00,4085.8999999999996,6453.6,10539.5,1904.1,2565.0
20,23:30,4179.1,6485.2,10664.3,1486.7,2550.4
21,00:00,4643.2,6112.1,10755.3,2163.2999999999997,1934.2
21,00:30,4763.7,6008.8,10772.5,3886.6000000000004,1783.8
21,01:00,4688.8,6090.0,10778.8,3456.3,1936.1
21,01:30,4605.7,6277.3,10883.0,2426.4,2135.1
21,02:00,4421.5,6298.9,10720.4,1489.1000000000001,2280.3
21,02:30,4475.5,6024.4,10499.9,4774.3,1866.4
21,03:00,4345.9,6093.6,10439.5,2956.1,2032.5
21,03:30,4310.1,6240.6,10550.7,1979.6000000000001,2242.0
21,04:00,4175.6,6057.9,10233.5,2194.3,2084.0
21,04:30,4214.5,6054.7,10269.2,2099.2,2108.6
21,05:00,4309.0,6240.1,10549.1,1614.1999999999998,2325.4
21,05:30,4344.9,6177.6,10522.5,3010.7,2122.6
21,06:00,4873.4,6609.9,11483.3,5412.5,2304.6
21,06:30,4900.2,6745.5,11645.7,5150.900000000001,2482.5
21,07:00,8364.6,7672.700000000001,16037.3,1286.3,1113.8
21,07:30,8384.4,7800.5,16184.9,891.0,1139.2
21,08:00,8411.9,8034.900000000001,16446.8,-1554.7,1221.5
21,08:30,8470.2,8040.7,16510.9,-1303.4,1150.0
21,09:00,7509.1,8095.7,15604.8,404.30000000000007,1953.9
21,09:30,7450.3,8076.9,15527.2,461.29999999999984,1962.6
21,10:00,5904.1,8460.0,14364.1,1137.4,3267.5
21,10:30,5829.1,8450.699999999999,14279.8,1328.8999999999999,3340.8
21,11:00,5202.3,7827.2,13029.5,478.49999999999994,3349.7
21,11:30,5223.0,7747.3,12970.3,674.9999999999999,3308.5
21,12:00,4969.3,6892.6,11861.9,1403.9,3104.3999999999996
21,12:30,5091.4,6926.8,12018.2,1724.8,3091.4
21,13:00,4787.8,6087.1,10874.9,1992.3999999999999,2704.7
21,13:30,4751.3,5965.8,10717.1,2110.1,2611.0
21,14:00,4111.5,5711.9,9823.4,2103.4,2918.9
21,14:30,4071.9,5510.7,9582.6,2201.2999999999997,2775.7
21,15:00,4122.6,5341.1,9463.7,1979.6000000000001,2634.8
21,15:30,4028.8,5422.7,9451.5,2031.2,2707.7
21,16:00,3056.5,4500.0,7556.5,2484.9,2274.8
21,16:30,2974.6,4584.6,7559.2,2954.9,2383.8
21,17:00,2743.8,4470.0,7213.8,3557.1,2131.4
21,17:30,2450.6,4471.7,6922.3,4160.0,2234.7
21,18:00,2572.8,5689.5,8262.3,3923.4,2822.3
21,18:30,2561.0,5887.7,8448.7,4008.1,2900.0
21,19:00,2832.4,6543.0,9375.4,3816.2,3096.2
21,19:30,2910.2,6615.6,9525.8,3908.5,3082.6000000000004
21,20:00,2933.9,6647.7,9581.6,4231.8,3133.8
21,20:30,3149.4,6372.5,9521.9,4439.2,2758.0
21,21:00,4038.7,7513.400000000001,11552.1,3424.1,3318.2
21,21:30,3956.7,7409.2,11365.9,2642.2000000000003,3332.2
21,22:00,4174.9,7432.5,11607.4,1989.1,3050.3
21,22:30,4301.5,7360.9,11662.4,2102.7999999999997,2967.3
21,23:00,4385.5,7299.4,11684.9,1700.1,2915.4
21,23:30,4476.9,7378.6,11855.5,2132.1,2951.2
22,00:00,4813.6,6908.7,11722.3,2471.5,2251.4
22,00:30,5138.0,6799.1,11937.1,5043.6,1998.3000000000002
22,01:00,5011.9,7306.9,12318.8,1607.1,2475.9
22,01:30,5012.8,7409.0,12421.8,1492.7,2588.6
22,02:00,5063.7,7317.0,12380.7,2215.7999999999997,2425.0
22,02:30,4972.9,7555.3,12528.2,1391.0,2636.6
22,03:00,4352.4,5464.4,9816.8,5961.3,1121.2
22,03:30,4371.2,6111.400000000001,10482.6,4109.3,1701.2
22,04:00,4223.7,6153.8,10377.5,3582.6,1730.2
22,04:30,4150.4,6565.4,10715.8,961.9,2236.4
22,05:00,4198.8,6186.6,10385.4,4539.8,1839.5
22,05:30,4102.6,5783.4,9886.0,4231.5,1568.7
22,06:00,4198.2,6001.7,10199.9,4196.8,1723.6
22,06:30,4253.9,6759.2,11013.1,2413.5,2353.4
22,07:00,6504.3,7981.900000000001,14486.2,923.9999999999999,2240.7
22,07:30,6669.5,7592.5,14262.0,3132.8,1814.1
22,08:00,6599.6,7669.7,14269.3,2961.1,2094.4
22,08:30,6585.299999999999,7440.1,14025.4,3994.1,1941.2
22,09:00,5393.1,7135.9,12529.0,4336.7,2706.7
22,09:30,5232.5,7583.1,12815.6,3241.6,3161.2
22,10:00,5045.0,6590.0,11635.0,4772.8,2565.0
22,10:30,5043.8,6693.9,11737.7,4662.9,2602.7
22,11:00,4896.5,6450.6,11347.1,4427.900000000001,2595.9
22,11:30,4782.5,6675.3,11457.8,3412.9,2807.9
22,12:00,4453.8,5916.6,10370.4,2237.3,2745.6
22,12:30,4452.1,5657.9,10110.0,3237.0,2538.5
22,13:00,4651.3,5888.4,10539.7,3271.3,2631.4
22,13:30,4677.5,5344.6,10022.1,6301.3,2155.6
22,14:00,4481.9,4708.6,9190.5,6712.5,1849.2
22,14:30,4581.2,4822.7,9403.9,7416.8,1823.7
22,15:00,4558.5,5056.2,9614.7,6626.299999999999,2064.9
22,15:30,4352.1,5340.5,9692.6,5029.5,2405.0
22,16:00,3997.9,5142.0,9139.9,3680.7999999999997,2202.0
22,16:30,3891.8,5126.2,9018.0,5630.7,2133.2
22,17:00,3567.0,4210.3,7777.3,7367.6,1240.9
22,17:30,3156.5,4852.2,8008.700000000001,3498.9,1892.3000000000002
22,18:00,3229.1,5474.3,8703.4,5929.4,2208.4
22,18:30,2734.9,6071.200000000001,8806.1,5222.9,2980.8
22,19:00,3419.2,6789.4,10208.6,4976.0,2952.9
22,19:30,3779.1,6627.5,10406.6,5181.8,2574.2
22,20:00,3904.4,6676.3,10580.7,5597.900000000001,2449.9
22,20:30,4022.7,6634.4,10657.1,4945.900000000001,2336.1
22,21:00,3901.2,6201.6,10102.8,6196.0,2190.1
22,21:30,3825.8,6017.6,9843.4,6155.7,2095.3
22,22:00,3803.5,4997.2,8800.7,9752.2,1392.1
22,22:30,3645.5,5066.5,8712.0,8620.3,1632.6
22,23:00,3872.7,5114.9,8987.6,8184.5,1564.2
22,23:30,3636.5,5526.7,9163.2,5836.0,2010.3000000000002
23,00:00,3681.2000000000003,5681.4,9362.6,2714.3,1734.3
23,00:30,4027.7,5482.8,9510.5,5312.7,1416.9
23,01:00,3696.4,5235.0,8931.4,3208.1,1629.6
23,01:30,3721.8,5126.0,8847.8,2966.3999999999996,1535.5
23,02:00,3570.4,5034.9,8605.300000000001,4584.8,1511.0
23,02:30,3566.4,5244.7,8811.1,4183.7,1667.5
23,03:00,2696.3,4939.8,7636.1,1922.8,1783.9
23,03:30,2767.2,4769.0,7536.2,1510.2,1606.6
23,04:00,2487.6,4580.5,7068.099999999999,1797.1999999999998,1529.9
23,04:30,2524.7,4679.7,7204.4,4531.8,1688.5
23,05:00,2037.5,4131.9,6169.4,1613.7,1549.2
23,05:30,2203.3,2792.9,4996.2,1928.4,136.9
23,06:00,2394.5,1871.4,4265.9,4783.900000000001,-277.0
23,06:30,2159.0,3237.3,5396.3,953.6999999999998,925.6
23,07:00,3420.0,3312.3,6732.3,5033.400000000001,758.5999999999999
23,07:30,3253.0,4186.2,7439.200000000001,2206.0,1631.8000000000002
23,08:00,3646.2,4074.1,7720.3,3989.4,1713.4
23,08:30,3519.0,4771.1,8290.1,753.1999999999999,2291.7
23,09:00,3294.5,3943.9,7238.4,2244.9,1941.7
23,09:30,3265.1,4295.7,7560.8,411.9000000000002,2163.2
23,10:00,3436.7,4411.9,7848.6,972.7,2353.6
23,10:30,3498.2,4087.7,7585.9,3072.4,2116.1
23,11:00,3567.0,4286.2,7853.2,3196.2999999999997,2259.2
23,11:30,3647.6,3878.6,7526.2,4514.1,1852.6
23,12:00,3694.4,4711.6,8406.0,2216.0,2549.4
23,12:30,3750.4,4646.2,8396.6,2251.7,2464.1000000000004
23,13:00,3992.3,4251.0,8243.3,4536.4,2103.9
23,13:30,3943.6,4560.6,8504.2,2638.2999999999997,2332.6
23,14:00,3780.9,4284.9,8065.8,3058.3,2117.4
23,14:30,3806.7,4078.8,7885.5,3206.4,1972.0
23,15:00,3873.1,3786.1,7659.2,4231.1,1719.6999999999998
23,15:30,3803.6,3948.6,7752.2,3693.2999999999997,1880.5
23,16:00,3175.5,3118.7,6294.2,2266.1,1532.8
23,16:30,3052.0,3001.3,6053.3,2071.5,1418.1
23,17:00,2303.9,2402.5,4706.4,2836.4,1029.9
23,17:30,2121.6,1993.6000000000001,4115.2,5022.2,817.4
23,18:00,2349.6,3083.5,5433.099999999999,3006.0,1338.8
23,18:30,2406.4,3271.1,5677.5,4591.8,1493.5
23,19:00,2629.8,3952.2,6582.0,4849.3,1942.8000000000002
23,19:30,2653.9,3856.7,6510.6,5185.9,1757.4
23,20:00,2558.6,3934.6,6493.2,5378.900000000001,1623.0
23,20:30,2547.9,3897.1000000000004,6445.0,5478.1,1560.9
23,21:00,2675.6000000000004,4200.1,6875.7,5540.3,1567.6
23,21:30,2356.8,4054.7000000000003,6411.5,5314.1,1632.5
23,22:00,2876.5,4414.5,7291.0,5915.3,1610.0
23,22:30,2615.1,4500.5,7115.6,4101.5,1771.2
23,23:00,2278.7,4299.0,6577.7,6518.0,1707.8000000000002
23,23:30,2411.2,4507.9,6919.1,3705.9,1784.2
24,00:00,2715.3,4916.1,7631.4,4483.599999999999,1623.4
24,00:30,2686.0,4602.6,7288.6,2036.8,1339.8
24,01:00,2679.2,4623.8,7303.0,4166.5,1734.2
24,01:30,2654.5,4448.9,7103.4,4729.2,1624.3000000000002
24,02:00,2267.9,4291.400000000001,6559.3,4702.400000000001,1721.1
24,02:30,2464.6,4390.8,6855.4,3998.2,1710.0
24,03:00,2451.8,4244.1,6695.900000000001,4610.0,1812.6
24,03:30,2079.8,4093.9,6173.7,844.3,1792.1999999999998
24,04:00,2143.0,4230.3,6373.3,567.2,1696.1
24,04:30,2361.5,4274.7,6636.200000000001,4197.6,1728.1999999999998
24,05:00,2295.4,4004.2,6299.6,2800.9,1577.0
24,05:30,2271.2,2949.1,5220.3,2594.4,530.2
24,06:00,2570.3,3027.9,5598.2,4659.3,496.79999999999995
24,06:30,2467.1,3595.4,6062.5,2371.5,1089.5
24,07:00,3471.5,5381.2,8852.7,1657.2,2126.1
24,07:30,3487.7,5109.4,8597.1,3000.7000000000003,1955.0
24,08:00,3489.3,4762.9,8252.2,855.0999999999999,1949.0
24,08:30,3547.8999999999996,4783.4,8331.3,1237.6000000000001,1951.9
24,09:00,3539.3,4461.1,8000.4,1679.0,1850.4
24,09:30,3539.0,4365.0,7904.0,1897.7,1776.5
24,10:00,3542.5,4168.799999999999,7711.3,3072.9,1803.5
24,10:30,3554.5,4103.0,7657.5,5079.5,1866.9
24,11:00,3434.2,3898.8,7333.0,3630.6,1737.3000000000002
24,11:30,3493.5,3851.8999999999996,7345.4,6174.8,1759.1
24,12:00,3636.5,4121.1,7757.599999999999,4361.2,1949.4
24,12:30,3666.8,4053.6,7720.4,5498.9,1864.9
24,13:00,3799.6,4560.8,8360.4,3692.2,2058.1
24,13:30,3837.6,4215.3,8052.9,7264.5,1847.4
24,14:00,3941.3,4415.7,8357.0,3751.0,1928.0
24,14:30,3846.9,4481.3,8328.2,3923.5,1970.2
24,15:00,3406.9,4688.3,8095.200000000001,3691.0,2294.6
24,15:30,3336.4,4717.0,8053.4,2819.2,2323.8
24,16:00,2958.7,4006.8,6965.5,2536.2999999999997,2069.0
24,16:30,2930.1,4130.1,7060.2,2405.2,2149.8
24,17:00,2551.5,3920.3,6471.8,2249.5,2120.8
24,17:30,2398.6,4289.6,6688.2,1965.4,2495.3
24,18:00,1947.9,4155.6,6103.5,4615.9,2354.5
24,18:30,1940.0,4155.1,6095.1,4590.2,2428.1
24,19:00,1928.5,4911.3,6839.8,4124.5,2936.1
24,19:30,2141.1,4893.5,7034.599999999999,4209.9,2736.1
24,20:00,2105.8,5290.9,7396.7,4401.099999999999,2779.8999999999996
24,20:30,2079.9,5284.400000000001,7364.3,4628.5,2746.1
24,21:00,2179.6,5179.3,7358.9,4285.0,2725.1
24,21:30,2014.1,4613.7,6627.8,4975.3,2292.0
24,22:00,1748.5,4281.2,6029.7,4521.2,2449.3
24,22:30,1764.7,4137.9,5902.6,3624.7000000000003,2285.7
24,23:00,1336.4,3969.1000000000004,5305.5,3062.1,2399.3
24,23:30,1468.6000000000001,4080.5,5549.1,2267.8,2407.3
25,00:00,3062.1,4262.8,7324.9,2948.0,1556.2
25,00:30,3179.0,4260.8,7439.8,2587.5,1600.9
25,01:00,3168.2,4445.7,7613.9,2968.4,1662.1
25,01:30,3273.0,4013.9,7286.9,3175.7999999999997,1304.0
25,02:00,2694.5,3733.4,6427.9,2578.8,1358.1
25,02:30,2788.9,4178.1,6967.0,3171.2,1719.6
25,03:00,2536.8,3833.2000000000003,6370.0,2616.2,1514.0
25,03:30,2404.5,3937.8,6342.3,2708.7,1736.0
25,04:00,2526.9,3785.3,6312.2,2603.8,1455.3
25,04:30,2628.3,4073.9,6702.2,5210.5,1731.4
25,05:00,2328.1,3630.6,5958.7,5149.6,1643.4
25,05:30,2193.8,2750.1,4943.9,2414.1,700.9
25,06:00,2527.3,3495.7000000000003,6023.0,2783.2999999999997,1112.7
25,06:30,2615.8,3501.6,6117.4,4271.4,1105.8
25,07:00,4084.1,5408.9,9493.0,5509.8,1948.8
25,07:30,4022.5,5405.1,9427.6,4680.7,1953.3000000000002
25,08:00,4222.900000000001,6562.9,10785.8,545.0,2589.5
25,08:30,4257.4,6441.5,10698.9,927.6000000000001,2571.0
25,09:00,4427.7,6797.3,11225.0,874.3999999999999,2560.1
25,09:30,4349.7,6656.400000000001,11006.1,885.3999999999997,2471.9
25,10:00,4333.3,6259.6,10592.9,3583.5,2350.2
25,10:30,4378.8,6149.5,10528.300000000001,2946.2000000000003,2263.9
25,11:00,4187.9,5400.0,9587.9,5289.8,2114.4
25,11:30,4073.3,5349.1,9422.4,4062.8,2126.9
25,12:00,4050.4,4946.3,8996.7,3769.7,2179.3
25,12:30,3977.8,4783.4,8761.2,3635.7999999999997,2022.1999999999998
25,13:00,3670.0,4269.4,7939.4,4262.0,1781.1999999999998
25,13:30,3266.1000000000004,4152.7,7418.8,3142.0,1941.5
25,14:00,3119.7,4276.7,7396.4,2980.4,2068.6
25,14:30,3245.4,4307.2,7552.6,2994.9,2048.2
25,15:00,3369.3,4829.3,8198.6,2857.7,2310.0
25,15:30,3409.4,4671.7,8081.099999999999,2360.5,2125.0
25,16:00,2497.4,4906.6,7404.0,2236.8,2727.1
25,16:30,2344.2,4951.8,7296.0,2054.0,2793.5
25,17:00,2354.2,4764.8,7119.0,1913.3,2406.2
25,17:30,2241.7,5053.9,7295.6,1769.8000000000002,2732.9
25,18:00,1865.8,5054.1,6919.9,2136.9,2498.5
25,18:30,1933.0,5152.4,7085.4,3705.1,2547.1
25,19:00,2157.2,5877.2,8034.4,3741.9,3005.2
25,19:30,2066.3,5743.7,7810.0,3053.4,2952.9
25,20:00,1932.9,5129.9,7062.8,3444.0,2399.1
25,20:30,1908.9,5059.4,6968.3,2913.9,2338.6
25,21:00,1719.2,4821.4,6540.6,4646.3,2229.4
25,21:30,1459.9,4348.0,5807.900000000001,5138.1,2049.3
25,22:00,1358.7,4471.7,5830.4,3538.2999999999997,2114.2
25,22:30,1096.8,4207.3,5304.1,2729.6,2067.5
25,23:00,251.10000000000002,3798.7000000000003,4049.8,3605.9,2248.8
25,23:30,111.0,3787.8,3898.8,1896.2,2178.6
26,00:00,1520.9,4255.5,5776.4,4340.1,1751.8
26,00:30,1908.0,4444.4,6352.4,3916.3,1758.4
26,01:00,2055.9,-596.0999999999999,1459.8000000000002,6122.7,-3042.2
26,01:30,2295.6000000000004,-68.79999999999995,2226.8,5246.5,-2723.9
26,02:00,1872.9,-803.6,1069.3,6010.2,-2879.5
26,02:30,2073.5,-942.8,1130.6999999999998,9085.8,-2989.0
26,03:00,1822.6000000000001,-1178.8999999999999,643.7,9124.0,-3193.5
26,03:30,1766.0,-1039.8,726.2000000000002,8069.5,-2986.4
26,04:00,1625.0,-1128.5,496.50000000000006,8609.3,-2912.1
26,04:30,1476.9,-1220.3,256.6000000000001,7164.200000000001,-2968.9
26,05:00,1657.0,-49.0,1608.0,6217.2,-2089.2
26,05:30,1455.1,1557.2,3012.3,4009.5,-493.7
26,06:00,1853.5,2253.1,4106.6,4602.8,-34.39999999999999
26,06:30,1953.9,2334.6,4288.5,6573.5,112.80000000000001
26,07:00,3125.9,4272.2,7398.1,2996.1,1163.0
26,07:30,3140.9,4281.9,7422.8,3965.3,1210.6
26,08:00,3711.6,5543.7,9255.3,1736.6000000000001,1673.0
26,08:30,3726.3,5366.2,9092.5,2166.4,1539.9
26,09:00,3138.6,4646.599999999999,7785.2,2589.5,1271.6
26,09:30,3231.0,4464.400000000001,7695.4,2791.7,1099.0
26,10:00,3302.6,4596.0,7898.6,3345.5,1265.0
26,10:30,3444.4,4438.900000000001,7883.3,6076.3,1173.1
26,11:00,3541.8,4878.2,8420.0,3588.0,1678.3
26,11:30,3649.4,4752.0,8401.4,3702.6000000000004,1531.3
26,12:00,3698.8,4741.6,8440.4,4428.599999999999,1723.2
26,12:30,3582.9,4756.6,8339.5,4422.8,1773.1
26,13:00,3128.3999999999996,4588.2,7716.6,6696.299999999999,2177.8
26,13:30,2483.0,4732.9,7215.9,3562.7999999999997,2665.5
26,14:00,2359.2,4494.3,6853.5,2864.1,2368.0
26,14:30,2204.3,4424.8,6629.1,2503.4,2403.2
26,15:00,1922.3,3571.3,5493.6,2362.9,1992.0
26,15:30,1645.2,3683.1000000000004,5328.3,1873.6,2209.1
26,16:00,993.1,2765.6,3758.7,4034.6,1734.0
26,16:30,958.8,2725.5,3684.3,4796.3,1659.6
26,17:00,1270.5,3272.0,4542.5,3210.6,1572.8
26,17:30,1100.4,3093.5,4193.9,3690.6,1462.6
26,18:00,1420.3,4379.7,5800.0,4398.3,2140.1
26,18:30,1362.3,4511.8,5874.099999999999,4292.8,2266.2
26,19:00,1980.9,5495.1,7476.0,3681.5,2359.8
26,19:30,1782.0,5529.6,7311.6,3610.3,2677.6
26,20:00,1412.5,5094.2,6506.7,3924.9,2350.9
26,20:30,1351.7,5057.7,6409.4,4068.9,2311.0
26,21:00,1701.1,5352.8,7053.9,4208.5,2301.8
26,21:30,1329.9,4807.7,6137.599999999999,4324.6,2050.2
26,22:00,1448.7,4750.700000000001,6199.400000000001,4460.4,1862.4
26,22:30,1179.7,4588.1,5767.8,3671.4,1895.3000000000002
26,23:00,1295.8,4302.6,5598.4,3946.7,1636.6999999999998
26,23:30,1211.3,4363.0,5574.3,2236.6,1750.4
27,00:00,330.09999999999997,4091.7000000000003,4421.8,3489.8,1440.8
27,00:30,465.6,4337.1,4802.7,2890.5,1494.6
27,01:00,1093.9,4445.7,5539.6,2556.3,1304.4
27,01:30,975.2,4645.5,5620.7,2267.6,1602.2
27,02:00,1036.8,4671.1,5707.9,2383.6,1659.0
27,02:30,1388.5,4598.4,5986.9,4370.5,1474.6
27,03:00,1723.4,5520.4,7243.8,1274.5,1945.4
27,03:30,1860.1,5322.8,7182.9,2024.7,1693.0
27,04:00,1524.1,4928.8,6452.9,2084.6,1580.3
27,04:30,1531.4,4887.3,6418.7,1403.5,1603.5
27,05:00,2137.0,4309.9,6446.9,6042.1,1108.0
27,05:30,1742.3999999999999,4739.0,6481.4,1979.2,1447.6
27,06:00,2446.7,4832.4,7279.1,4449.0,1413.8
27,06:30,2208.7,5406.3,7615.0,802.1000000000001,2005.6
27,07:00,3160.5,6537.7,9698.2,3486.7,2502.6
27,07:30,3225.5,6511.2,9736.699999999999,4342.3,2493.9
27,08:00,3457.4,7904.4,11361.8,346.3999999999999,3347.7
27,08:30,3369.9,8134.6,11504.5,192.40000000000003,3648.3
27,09:00,3456.1,8093.3,11549.4,412.89999999999986,3362.5
27,09:30,3352.1,8283.8,11635.9,298.6,3606.8
27,10:00,3280.7,7993.8,11274.5,815.6,3568.7
27,10:30,3308.2,7990.5,11298.7,1446.5,3545.2
27,11:00,3328.4,7485.200000000001,10813.6,1530.7,3388.9
27,11:30,3313.8,7499.799999999999,10813.6,2929.1,3450.5
27,12:00,3744.5,7183.7,10928.2,5087.7,3251.0
27,12:30,3564.8,7340.1,10904.9,3502.8,3372.9
27,13:00,3176.5,6842.3,10018.8,2689.2,3268.6
27,13:30,3180.0,7074.1,10254.1,2675.8,3602.7
27,14:00,2823.2,6532.3,9355.5,1773.5,3494.8
27,14:30,2750.9,6358.799999999999,9109.699999999999,1545.1,3375.3
27,15:00,2701.9,6655.599999999999,9357.5,1406.3,3564.2
27,15:30,2629.5,6567.2,9196.7,1046.8999999999999,3540.7
27,16:00,2743.9,6793.1,9537.0,1120.4,3456.1
27,16:30,2716.0,6790.6,9506.6,1753.3,3437.2
27,17:00,2078.4,6395.599999999999,8474.0,2553.2999999999997,3194.9
27,17:30,1938.3,6283.5,8221.8,3267.2,3102.7
27,18:00,1801.9,6399.099999999999,8201.0,3213.6,3015.2
27,18:30,1810.5,6382.5,8193.0,4329.599999999999,3024.7
27,19:00,2134.9,6767.8,8902.7,4161.6,3047.0
27,19:30,2196.2,6792.400000000001,8988.6,3003.2999999999997,3041.4
27,20:00,2034.0,6998.3,9032.3,3390.0,3295.6
27,20:30,1950.0,6979.6,8929.6,3631.5,3211.2
27,21:00,2037.8,7090.599999999999,9128.4,3827.9,3285.3
27,21:30,1969.6,6957.8,8927.4,3223.5,3199.2
27,22:00,1924.3,6337.0,8261.3,3199.3,2621.1
27,22:30,1793.1,6095.3,7888.4,3179.6,2562.2
27,23:00,1685.9,5745.9,7431.8,3154.2,2451.5
27,23:30,1795.5,5665.0,7460.5,1856.4,2296.6
28,00:00,1582.6,5077.5,6660.1,2321.7,1961.8
28,00:30,1593.2,5013.5,6606.7,2529.7000000000003,1900.9
28,01:00,1688.4,4845.3,6533.7,2886.5,1700.8
28,01:30,1908.1999999999998,4555.0,6463.2,6035.7,1445.9
28,02:00,1602.6999999999998,4713.1,6315.8,3131.3,1695.7
28,02:30,1517.1,4748.0,6265.1,1829.6,1768.1
28,03:00,1136.3,4184.9,5321.2,1713.2,1637.1000000000001
28,03:30,1207.6999999999998,4039.3,5247.0,1696.8,1435.3999999999999
28,04:00,601.5,3427.6,4029.1,6245.5,1548.5
28,04:30,329.79999999999995,3352.5,3682.3,1711.8,1429.7
28,05:00,1225.2,3097.5,4322.7,6730.9,987.5
28,05:30,1340.1,2899.5,4239.6,4861.0,600.8
28,06:00,2288.7,4577.3,6866.0,5365.2,1439.0
28,06:30,2344.7,5089.4,7434.1,3433.8,1820.1
28,07:00,3536.2,7578.7,11114.9,1951.0,3187.5
28,07:30,3554.6,7353.6,10908.2,5255.6,3051.0
28,08:00,3969.7,8422.2,12391.9,512.9,3625.0
28,08:30,3608.7999999999997,8056.5,11665.3,524.6,3488.0
28,09:00,3449.9,7971.9,11421.8,35.300000000000026,3725.9
28,09:30,3643.5,8297.7,11941.2,242.29999999999987,3944.1
28,10:00,3542.4,8001.9,11544.3,474.29999999999995,3887.2
28,10:30,3998.2,8452.7,12450.9,474.29999999999984,3982.8
28,11:00,3854.1,8534.4,12388.5,469.8999999999999,4163.2
28,11:30,3773.3,7848.0,11621.3,783.6,3767.1
28,12:00,3668.0,7824.1,11492.1,1457.0,3997.0
28,12:30,3820.3999999999996,7624.400000000001,11444.8,1745.0000000000002,3742.7
28,13:00,3744.6,7773.8,11518.4,1836.2,4014.5
28,13:30,3943.6000000000004,8031.0,11974.6,1857.4,3963.4
28,14:00,3555.8,7773.6,11329.4,1886.1999999999998,4098.5
28,14:30,3441.4,7655.8,11097.2,1773.6000000000001,4062.8
28,15:00,3352.8,7603.700000000001,10956.5,1778.1999999999998,4182.2
28,15:30,3381.4,7450.7,10832.1,1541.6,3993.8
28,16:00,2806.6,6746.8,9553.4,1263.9999999999998,3808.3
28,16:30,2965.4,6635.4,9600.8,1063.3,3583.5
28,17:00,2211.2,5884.8,8096.0,753.8,3243.2
28,17:30,2062.8,5758.1,7820.9,951.6000000000001,3148.9
28,18:00,2046.7,6278.099999999999,8324.8,1107.8,3287.1
28,18:30,2194.8,6181.400000000001,8376.2,3262.0,3033.0
28,19:00,2705.4,7454.6,10160.0,2097.1,3477.8
28,19:30,2516.0,7582.3,10098.3,1579.0,3759.6
28,20:00,2666.7,7569.2,10235.9,2442.5,3693.2
28,20:30,2762.8,7378.5,10141.300000000001,2392.1,3419.0
28,21:00,2108.9,6289.7,8398.6,3895.7000000000003,2976.1
28,21:30,2105.7,6147.4,8253.099999999999,3880.8,2872.4
28,22:00,1947.5,5954.6,7902.1,3514.2999999999997,2681.6
28,22:30,1943.8,5861.7,7805.5,3381.8,2629.1
28,23:00,2069.9,6015.0,8084.9,1925.3999999999999,2706.6
28,23:30,1832.5,5970.9,7803.4,1472.8,2852.9
